tconst	parentTconst	seasonNumber	episodeNumber
tt0041951	tt0041038	1	9
tt0042816	tt0989125	1	17
tt0042889	tt0989125	\N	\N
tt0043426	tt0040051	3	42
tt0043631	tt0989125	2	16
tt0043693	tt0989125	2	\N
tt0043710	tt0989125	\N	3
tt0044093	tt0959862	1	6
tt0044668	tt0044243	2	16
tt0044901	tt0989125	3	46
tt0045519	tt0989125	4	11
tt0045960	tt0044284	2	3
tt0046135	tt0989125	4	5
tt0046150	tt0341798	\N	\N
tt0046855	tt0046643	1	4
tt0046864	tt0989125	5	20
tt0047810	tt0914702	3	36
tt0047852	tt0047745	1	15
tt0047858	tt0046637	2	9
tt0047961	tt0989125	6	5
tt0048067	tt0046587	2	20
tt0048302	tt0047768	1	6
tt0048371	tt0989125	6	11
tt0048378	tt0047702	1	6
tt0048462	tt0047702	1	3
tt0048562	tt0047768	1	10
tt0048883	tt0989125	6	42
tt0049473	tt0046593	1	20
tt0049572	tt0914702	1	30
tt0049669	tt0048893	1	2
tt0050031	tt0050013	1	4
tt0050259	tt0048893	1	20
tt0050318	tt0046593	4	1
tt0050320	tt0914702	3	39
tt0050641	tt4280482	1	1
tt0050678	tt0161126	2	11
tt0050695	tt0046637	3	6
tt0050988	tt0048893	1	16
tt0051344	tt0050013	1	6
tt0051523	tt0048893	3	2
tt0051625	tt0048893	2	15
tt0051680	tt0161126	3	9
tt0051763	tt0453991	1	8
tt0051929	tt0989125	9	45
tt0052128	tt0441950	4	2
tt0052236	tt0793361	1	2
tt0052237	tt0793361	1	5
tt0052238	tt0793361	1	4
tt0052239	tt0793361	1	3
tt0052240	tt0793361	1	1
tt0052241	tt0793361	1	6
tt0052290	tt1646046	1	10
tt0052628	tt0914702	4	18
tt0052630	tt0050013	2	9
tt0052647	tt4280486	1	8
tt0052730	tt0320048	1	11
tt0052856	tt0052458	1	13
tt0052857	tt0259792	\N	\N
tt0052866	tt0259792	\N	\N
tt0052874	tt0050013	2	6
tt0052931	tt0914702	3	28
tt0052952	tt4280486	1	1
tt0053303	tt0793361	2	3
tt0053304	tt0793361	2	2
tt0053305	tt0793361	2	1
tt0053343	tt1845727	1	1
tt0053384	tt0052511	1	3
tt0053405	tt0259792	\N	\N
tt0053581	tt0048893	4	14
tt0053722	tt0190181	1	6
tt0053723	tt0190181	1	2
tt0053827	tt0341798	4	17
tt0053966	tt0048893	4	8
tt0053974	tt0348926	1	5
tt0054015	tt0051312	2	1
tt0054028	tt0259792	\N	\N
tt0054057	tt0190181	1	5
tt0054062	tt0259792	\N	\N
tt0054087	tt0259792	\N	\N
tt0054319	tt0052511	1	33
tt0054338	tt0793361	3	1
tt0054339	tt0793361	3	3
tt0054340	tt0793361	3	2
tt0054645	tt0190181	2	4
tt0054654	tt0190181	2	8
tt0054754	tt0190181	2	3
tt0054794	tt0914702	4	27
tt0054796	tt0190181	3	6
tt0054994	tt0046593	8	2
tt0054996	tt0320048	1	10
tt0055130	tt0190181	2	5
tt0055131	tt0161126	4	27
tt0055132	tt0190181	2	2
tt0055203	tt0161126	4	47
tt0055250	tt0259792	\N	\N
tt0055281	tt0190181	1	7
tt0055314	tt0914702	6	26
tt0055334	tt0259792	\N	\N
tt0055359	tt0990935	2	20
tt0055387	tt0161126	4	43
tt0055433	tt0914702	7	8
tt0055443	tt0161126	4	36
tt0055476	tt0793361	4	2
tt0055477	tt0793361	4	1
tt0055704	tt0793361	5	2
tt0055808	tt0054532	1	28
tt0055929	tt0046593	10	17
tt0055952	tt0259792	\N	\N
tt0055961	tt0046593	9	2
tt0055989	tt0054513	2	1
tt0056033	tt0046593	9	1
tt0056152	tt10275908	1	4
tt0056199	tt0259792	\N	\N
tt0056250	tt0046593	9	10
tt0056266	tt0055685	1	18
tt0056295	tt0190181	3	1
tt0056324	tt0055685	1	4
tt0056359	tt0259792	\N	\N
tt0056373	tt0046593	8	21
tt0056374	tt0990935	4	21
tt0056398	tt2199914	1	7
tt0056441	tt0046593	9	6
tt0056476	tt0914702	4	49
tt0056508	tt0190181	3	5
tt0056523	tt0793361	5	1
tt0056525	tt0403808	2	5
tt0056578	tt0055663	\N	\N
tt0056590	tt0190181	3	2
tt0056798	tt0190181	4	2
tt0056809	tt0190181	5	2
tt0056980	tt0259792	\N	\N
tt0057010	tt0190181	4	7
tt0057157	tt0046593	10	1
tt0057201	tt0046593	9	16
tt0057255	tt0046593	9	15
tt0057260	tt0969924	3	21
tt0057451	tt0190181	4	5
tt0057456	tt0190181	4	6
tt0057526	tt0793361	6	1
tt0057585	tt0242203	3	1
tt0057668	tt0046593	10	5
tt0057671	tt10275908	2	18
tt0057672	tt0259792	\N	\N
tt0057817	tt0190181	5	8
tt0057828	tt10306302	1	24
tt0057850	tt10283858	1	2
tt0057856	tt10275908	2	53
tt0057867	tt0046593	10	12
tt0057874	tt0259792	\N	\N
tt0057927	tt1384817	1	7
tt0057947	tt10275908	2	66
tt0057959	tt1314953	1	11
tt0057976	tt0969924	4	2
tt0058015	tt0497975	1	1
tt0058035	tt0259792	\N	\N
tt0058078	tt0190181	5	9
tt0058116	tt0056754	1	23
tt0058141	tt10275908	2	61
tt0058180	tt10275908	2	64
tt0058302	tt0217931	\N	\N
tt0058568	tt10275908	2	83
tt0058613	tt0793361	7	1
tt0058614	tt0793361	7	2
tt0058640	tt0046593	11	7
tt0058746	tt0190181	5	7
tt0058893	tt0058853	1	34
tt0058900	tt0259792	\N	\N
tt0058908	tt0969640	1	2
tt0058914	tt0212699	1	7
tt0058916	tt0212698	3	4
tt0058927	tt0058853	1	25
tt0058931	tt0405611	1	3
tt0058937	tt0046593	12	19
tt0058984	tt0058853	1	41
tt0058989	tt0969640	1	1
tt0059011	tt0058853	1	18
tt0059020	tt0058853	1	72
tt0059047	tt0212698	3	10
tt0059048	tt0969640	1	11
tt0059053	tt0058853	1	17
tt0059061	tt0058836	1	2
tt0059086	tt0969640	1	8
tt0059092	tt0190181	6	4
tt0059158	tt0212698	3	1
tt0059165	tt0212699	1	12
tt0059191	tt0058853	1	29
tt0059198	tt0058836	1	8
tt0059225	tt0058853	1	35
tt0059230	tt0212699	1	2
tt0059286	tt0405611	1	1
tt0059333	tt0165593	1	3
tt0059396	tt0969640	1	5
tt0059420	tt0165593	1	7
tt0059450	tt0969924	4	14
tt0059451	tt0212698	3	5
tt0059461	tt0212699	1	5
tt0059476	tt0212699	1	10
tt0059510	tt0212698	3	11
tt0059513	tt0058836	1	1
tt0059523	tt0212698	3	12
tt0059537	tt0969640	1	7
tt0059566	tt0212699	1	1
tt0059569	tt0165593	1	2
tt0059571	tt0212699	1	13
tt0059591	tt0058853	1	69
tt0059658	tt0212698	3	3
tt0059708	tt0058853	1	33
tt0059717	tt0212698	3	8
tt0059751	tt0793361	7	3
tt0059752	tt0058853	1	42
tt0059753	tt0060028	1	0
tt0059759	tt0190181	6	3
tt0059808	tt0058836	1	5
tt0059822	tt0058853	1	40
tt0059830	tt0058853	1	38
tt0059847	tt0212698	2	15
tt0059849	tt1157603	1	1
tt0059854	tt0058853	1	37
tt0059886	tt0058853	1	43
tt0060031	tt0212698	4	0
tt0060100	tt0212698	4	7
tt0060119	tt0058853	1	62
tt0060166	tt0058853	1	57
tt0060180	tt0058853	1	45
tt0060202	tt0058853	1	48
tt0060208	tt0233023	1	7
tt0060211	tt0212699	1	29
tt0060217	tt0212699	1	20
tt0060235	tt0212698	3	17
tt0060255	tt0058853	1	60
tt0060257	tt0165593	2	3
tt0060282	tt0233023	1	2
tt0060284	tt0165593	2	2
tt0060292	tt0165593	1	8
tt0060322	tt0212698	3	15
tt0060331	tt1711895	1	13
tt0060365	tt0212699	1	33
tt0060367	tt0212699	1	27
tt0060370	tt0212699	1	15
tt0060384	tt0233023	1	9
tt0060387	tt0058836	2	7
tt0060394	tt0212698	4	8
tt0060403	tt0058836	2	9
tt0060412	tt0212698	3	28
tt0060419	tt0212698	3	16
tt0060425	tt0212699	1	16
tt0060428	tt0058836	2	2
tt0060460	tt0212698	3	36
tt0060470	tt0165593	1	4
tt0060493	tt0058853	1	71
tt0060506	tt0058853	1	68
tt0060556	tt0815352	\N	\N
tt0060567	tt0861682	1	5
tt0060634	tt0058853	1	76
tt0060643	tt0058836	2	1
tt0060644	tt0058853	1	53
tt0060656	tt0190181	5	11
tt0060657	tt0165593	2	4
tt0060663	tt0212698	3	21
tt0060682	tt0058853	1	77
tt0060715	tt0046593	13	16
tt0060727	tt0861682	1	11
tt0060772	tt0212699	2	9
tt0060781	tt0212698	3	34
tt0060844	tt0212699	2	6
tt0060875	tt0212698	3	27
tt0060876	tt0212698	3	23
tt0060953	tt0165593	4	3
tt0060981	tt0058853	1	49
tt0060996	tt0058853	1	58
tt0061025	tt0793361	7	4
tt0061027	tt0060028	1	3
tt0061048	tt0861682	1	12
tt0061063	tt0058853	1	75
tt0061100	tt0058853	1	63
tt0061104	tt0058836	2	10
tt0061110	tt0212699	2	12
tt0061129	tt0212698	3	26
tt0061143	tt1157603	1	2
tt0061145	tt0212698	3	31
tt0061171	tt0058853	1	54
tt0061172	tt0058836	2	11
tt0061178	tt0058853	1	70
tt0061185	tt0058853	1	50
tt0061187	tt0861682	1	4
tt0061231	tt0056792	5	3
tt0061312	tt0797756	1	2
tt0061327	tt0212699	2	20
tt0061348	tt0797756	1	1
tt0061361	tt0212699	2	37
tt0061392	tt1323588	1	12
tt0061413	tt0212699	2	28
tt0061422	tt0046593	14	11
tt0061425	tt1323588	1	7
tt0061430	tt0212698	5	7
tt0061466	tt1323588	1	3
tt0061527	tt1323588	1	5
tt0061533	tt1323588	1	2
tt0061544	tt0212698	4	29
tt0061552	tt0200358	1	8
tt0061554	tt0058853	1	84
tt0061564	tt0058853	1	101
tt0061639	tt0212699	2	27
tt0061642	tt0058853	1	102
tt0061644	tt0212698	4	20
tt0061666	tt0212698	4	24
tt0061713	tt0165593	3	1
tt0061721	tt0058853	1	123
tt0061760	tt0212698	4	23
tt0061813	tt0212698	5	4
tt0061825	tt0212699	2	29
tt0061871	tt0212698	5	8
tt0061901	tt0212699	3	1
tt0061915	tt0398430	1	10
tt0061921	tt0398430	1	8
tt0061940	tt0161126	7	2
tt0061965	tt0212698	5	1
tt0061967	tt0058853	1	93
tt0061991	tt0165593	3	2
tt0062066	tt0058853	1	107
tt0062072	tt0212699	2	16
tt0062074	tt0058853	1	133
tt0062081	tt0058853	1	79
tt0062095	tt0165593	3	4
tt0062134	tt0212698	5	10
tt0062158	tt0058853	1	103
tt0062170	tt0161126	8	3
tt0062172	tt0212699	2	14
tt0062176	tt0398430	1	3
tt0062214	tt0165593	3	3
tt0062280	tt0212698	4	12
tt0062303	tt0212698	4	28
tt0062344	tt0212699	2	13
tt0062348	tt0212699	2	18
tt0062406	tt0212699	2	24
tt0062423	tt1157603	1	3
tt0062469	tt0212699	2	25
tt0062471	tt0058853	1	98
tt0062476	tt0298665	1	8
tt0062495	tt1323588	1	6
tt0062603	tt0212699	4	5
tt0062672	tt0058853	1	126
tt0062717	tt0058853	1	132
tt0062720	tt0212699	4	13
tt0062735	tt0407402	1	8
tt0062750	tt0298665	1	33
tt0062756	tt0062599	1	4
tt0062791	tt0058853	1	125
tt0062795	tt0212699	4	4
tt0062811	tt0058853	1	115
tt0062835	tt0212699	4	14
tt0062843	tt0212698	5	12
tt0062845	tt0165593	3	5
tt0062854	tt10524910	\N	\N
tt0062910	tt0058853	1	113
tt0062954	tt0212698	5	19
tt0062956	tt0212698	5	20
tt0062999	tt0212699	4	16
tt0063046	tt0062568	1	0
tt0063047	tt0165593	3	11
tt0063078	tt0212698	5	21
tt0063100	tt0260607	\N	\N
tt0063150	tt0058853	1	111
tt0063187	tt0396335	1	6
tt0063209	tt0212698	5	16
tt0063235	tt0407402	1	13
tt0063264	tt0165593	4	2
tt0063266	tt0165593	3	10
tt0063284	tt0212699	4	2
tt0063298	tt0914702	9	44
tt0063302	tt0212698	5	26
tt0063327	tt0212698	5	11
tt0063343	tt0212699	3	13
tt0063349	tt0058853	1	124
tt0063355	tt0396335	1	1
tt0063367	tt0058853	1	131
tt0063377	tt0212699	4	8
tt0063381	tt0200358	1	17
tt0063438	tt0212698	5	22
tt0063449	tt0407402	1	2
tt0063455	tt0914702	12	26
tt0063457	tt0407402	1	11
tt0063460	tt0212699	3	12
tt0063481	tt0212699	3	35
tt0063566	tt0797756	1	3
tt0063590	tt0297530	1	2
tt0063628	tt0200358	2	1
tt0063637	tt0058853	1	122
tt0063639	tt0165593	4	1
tt0063641	tt0793361	7	5
tt0063645	tt0212699	3	31
tt0063659	tt0212698	5	15
tt0063676	tt0165593	3	8
tt0063686	tt0168387	2	1
tt0063702	tt0212698	5	13
tt0063706	tt0058853	1	109
tt0063743	tt1157603	1	4
tt0063749	tt0398430	2	7
tt0063795	tt0165593	4	4
tt0063815	tt0212698	5	24
tt0063817	tt0407402	1	12
tt0064058	tt0958966	1	2
tt0064077	tt0958966	1	13
tt0064090	tt0058853	1	138
tt0064097	tt0058853	1	156
tt0064138	tt0958966	1	1
tt0064163	tt0058853	1	143
tt0064173	tt0058853	1	150
tt0064174	tt0062578	2	7
tt0064184	tt0212699	4	33
tt0064187	tt0958966	1	3
tt0064214	tt0063875	1	0
tt0064289	tt1601979	1	6
tt0064292	tt0958966	1	10
tt0064304	tt0806910	1	9
tt0064309	tt0398430	3	3
tt0064314	tt0797756	1	5
tt0064325	tt0797756	1	4
tt0064342	tt0058836	3	10
tt0064361	tt0212699	5	2
tt0064367	tt0058836	3	13
tt0064404	tt0058853	1	153
tt0064412	tt0165593	5	1
tt0064444	tt0212699	4	25
tt0064468	tt0165593	4	9
tt0064475	tt0065303	1	0
tt0064502	tt0058853	1	158
tt0064525	tt0165593	4	8
tt0064584	tt0958966	1	4
tt0064600	tt0958966	1	8
tt0064636	tt0063927	1	0
tt0064648	tt0065317	1	0
tt0064657	tt1601979	1	5
tt0064678	tt10524910	\N	\N
tt0064692	tt0297621	1	15
tt0064700	tt0958966	1	11
tt0064705	tt0046593	16	2
tt0064725	tt0065327	1	0
tt0064830	tt0398430	3	2
tt0064901	tt0212699	4	34
tt0064903	tt0212699	4	26
tt0064922	tt0297621	1	30
tt0064942	tt1601979	1	4
tt0064998	tt0058853	1	142
tt0065014	tt4383620	1	4
tt0065015	tt0058836	3	5
tt0065017	tt0058853	1	144
tt0065056	tt0212699	5	11
tt0065066	tt1245421	\N	\N
tt0065068	tt0058836	3	11
tt0065074	tt0242211	8	1
tt0065087	tt0063955	1	0
tt0065098	tt0165593	5	4
tt0065115	tt0914702	12	13
tt0065141	tt0063928	1	0
tt0065158	tt1157603	1	5
tt0065190	tt1601979	1	7
tt0065232	tt0065357	1	0
tt0065381	tt0066625	1	1
tt0065382	tt0958966	2	11
tt0065404	tt0165592	1	4
tt0065426	tt0298665	3	25
tt0065461	tt0212699	5	32
tt0065487	tt0046593	17	2
tt0065540	tt1685416	1	10
tt0065559	tt0958966	2	7
tt0065608	tt0200358	3	22
tt0065609	tt1342999	1	1
tt0065645	tt0165592	1	7
tt0065682	tt1685416	1	2
tt0065689	tt0058853	1	170
tt0065697	tt1415092	4	3
tt0065725	tt0165593	6	4
tt0065728	tt0958966	2	13
tt0065741	tt0797756	1	6
tt0065745	tt0797756	1	8
tt0065811	tt0297621	3	30
tt0065822	tt0165592	1	8
tt0065849	tt0212699	5	34
tt0065860	tt0165593	5	7
tt0065864	tt0058853	1	160
tt0065902	tt0212699	5	27
tt0065910	tt0958966	2	2
tt0065937	tt1685416	1	8
tt0065941	tt1342999	1	2
tt0065971	tt0297621	2	36
tt0065972	tt0212699	5	17
tt0065982	tt0165592	1	3
tt0066000	tt0066681	1	0
tt0066003	tt1685416	1	1
tt0066028	tt0165593	6	1
tt0066084	tt1077047	1	1
tt0066180	tt0958966	2	6
tt0066235	tt0066631	1	0
tt0066254	tt0066705	1	0
tt0066257	tt0797756	1	7
tt0066278	tt0212699	6	1
tt0066280	tt0958966	2	3
tt0066281	tt0165592	1	16
tt0066293	tt0058853	1	161
tt0066305	tt0165593	5	8
tt0066313	tt0165593	6	2
tt0066326	tt0065343	1	0
tt0066332	tt0066708	1	0
tt0066340	tt0797756	1	9
tt0066347	tt0058853	1	159
tt0066353	tt0165593	5	6
tt0066394	tt0058853	1	169
tt0066439	tt0806910	1	2
tt0066440	tt0806910	1	1
tt0066467	tt1685416	1	12
tt0066504	tt0165593	6	3
tt0066510	tt1157603	1	6
tt0066521	tt0055701	6	15
tt0066525	tt0958966	2	5
tt0066529	tt0958966	2	9
tt0066570	tt0165593	6	7
tt0066591	tt0212699	6	2
tt0066744	tt0165593	6	5
tt0066755	tt0165592	1	11
tt0066768	tt0212699	6	33
tt0066788	tt0212699	6	20
tt0066810	tt0068045	1	0
tt0066874	tt0212699	6	14
tt0066884	tt0165593	6	6
tt0066910	tt0165593	7	4
tt0066912	tt0058836	4	9
tt0066931	tt1466074	1	3
tt0066932	tt1466074	1	1
tt0066933	tt1466074	1	0
tt0066934	tt1466074	1	4
tt0066964	tt6074004	1	2
tt0066978	tt0058836	4	4
tt0066979	tt0927036	1	1
tt0067007	tt0165593	6	8
tt0067046	tt0068067	1	0
tt0067070	tt0165592	2	3
tt0067071	tt0165592	1	23
tt0067081	tt0212699	6	15
tt0067098	tt0935096	\N	\N
tt0067106	tt0797756	1	11
tt0067114	tt0165592	1	18
tt0067130	tt0212699	7	6
tt0067194	tt0068077	1	1
tt0067196	tt0165592	1	13
tt0067207	tt0159876	1	10
tt0067265	tt0212699	7	11
tt0067267	tt0065349	2	12
tt0067272	tt0212699	6	28
tt0067348	tt0212699	5	30
tt0067363	tt0065349	2	11
tt0067387	tt0165592	1	22
tt0067426	tt0165592	2	6
tt0067428	tt0165593	7	1
tt0067442	tt0806910	1	12
tt0067509	tt0066693	1	0
tt0067518	tt0165592	2	4
tt0067529	tt0066685	1	0
tt0067536	tt0165592	1	20
tt0067542	tt0066696	1	0
tt0067552	tt0297621	3	22
tt0067586	tt0165593	6	9
tt0067596	tt0806901	1	1
tt0067611	tt0297621	3	16
tt0067612	tt0061266	5	1
tt0067623	tt0212699	6	19
tt0067653	tt0165593	7	2
tt0067675	tt0806910	1	11
tt0067687	tt0212699	6	30
tt0067743	tt2162303	\N	\N
tt0067762	tt0165592	2	7
tt0067826	tt0165593	7	3
tt0067829	tt0806910	1	10
tt0067830	tt0806910	1	8
tt0067831	tt0806910	1	6
tt0067832	tt0806910	1	5
tt0067833	tt0806910	1	3
tt0067834	tt0806910	1	129
tt0067841	tt0212699	6	16
tt0067860	tt0797756	1	10
tt0067875	tt0165592	2	1
tt0067877	tt0165593	7	9
tt0067905	tt0058836	4	10
tt0067910	tt1157603	1	7
tt0067978	tt0165592	1	19
tt0068175	tt0212699	7	20
tt0068220	tt0212699	8	5
tt0068247	tt0068527	1	5
tt0068253	tt0068044	1	0
tt0068254	tt0165592	3	8
tt0068265	tt0212699	7	33
tt0068299	tt0849411	\N	\N
tt0068362	tt0212699	8	17
tt0068395	tt1466074	1	7
tt0068396	tt1466074	2	4
tt0068397	tt1466074	1	2
tt0068398	tt1466074	2	1
tt0068399	tt1466074	1	5
tt0068400	tt1466074	1	6
tt0068401	tt1466074	2	2
tt0068402	tt1466074	2	3
tt0068405	tt0068527	1	4
tt0068410	tt0068060	1	1
tt0068422	tt0165592	2	17
tt0068474	tt0068064	1	0
tt0068512	tt2162303	\N	\N
tt0068525	tt0068527	1	3
tt0068601	tt0297628	1	4
tt0068630	tt0165592	3	7
tt0068651	tt10303278	\N	\N
tt0068689	tt0165593	8	2
tt0068712	tt0068527	1	2
tt0068736	tt0797756	1	12
tt0068770	tt10282668	\N	\N
tt0068788	tt0165592	3	9
tt0068799	tt0797756	1	15
tt0068804	tt0165593	8	3
tt0068807	tt0212699	7	30
tt0068819	tt0212699	8	16
tt0068823	tt0068093	1	0
tt0068829	tt0165593	7	8
tt0068886	tt0212699	8	2
tt0068896	tt0165593	8	4
tt0068905	tt0165592	3	4
tt0068937	tt0165593	7	7
tt0068946	tt0212699	7	29
tt0068949	tt0165593	8	1
tt0068975	tt0068527	1	1
tt0068977	tt2162303	\N	\N
tt0069023	tt0212699	7	16
tt0069040	tt0797756	1	13
tt0069070	tt2162303	\N	\N
tt0069071	tt0212699	7	19
tt0069163	tt0806910	1	22
tt0069176	tt0165592	3	1
tt0069193	tt0068126	1	0
tt0069274	tt0423738	1	3
tt0069275	tt0423738	1	1
tt0069285	tt0222545	1	5
tt0069288	tt0069633	1	0
tt0069313	tt0165592	2	11
tt0069323	tt0068135	1	0
tt0069346	tt0806910	1	24
tt0069347	tt0806910	1	21
tt0069348	tt0806910	1	19
tt0069349	tt0806910	1	25
tt0069357	tt0069643	1	0
tt0069367	tt1414347	1	4
tt0069376	tt0212699	8	4
tt0069388	tt0797756	1	14
tt0069399	tt7525698	\N	\N
tt0069402	tt1414347	1	2
tt0069440	tt0212699	7	17
tt0069480	tt0046593	17	4
tt0069512	tt0222545	1	7
tt0069610	tt0174434	1	4
tt0069673	tt0212699	8	32
tt0069675	tt0165592	3	19
tt0069680	tt0165593	8	5
tt0069767	tt1695587	\N	\N
tt0069777	tt10303278	\N	\N
tt0069802	tt0797756	1	16
tt0069839	tt0165593	8	6
tt0069857	tt0297621	6	9
tt0069858	tt0165593	8	8
tt0069900	tt1466074	2	6
tt0069901	tt1466074	3	2
tt0069902	tt1466074	3	3
tt0069903	tt1466074	3	4
tt0069904	tt1466074	2	8
tt0069905	tt1466074	3	1
tt0069906	tt1466074	2	7
tt0069910	tt0165593	9	2
tt0069931	tt0212699	8	29
tt0069940	tt0068527	1	7
tt0070019	tt0164295	1	4
tt0070043	tt0931193	1	1
tt0070044	tt0931193	1	2
tt0070045	tt0931193	1	3
tt0070073	tt0202206	1	2
tt0070117	tt0407366	1	6
tt0070123	tt0065296	4	4
tt0070153	tt0165592	3	20
tt0070161	tt0069589	1	0
tt0070171	tt0165592	4	2
tt0070226	tt0212699	8	22
tt0070247	tt0762803	1	2
tt0070324	tt0070977	2	1
tt0070330	tt0068527	1	8
tt0070333	tt0297621	5	20
tt0070353	tt0069606	1	0
tt0070360	tt0165592	3	21
tt0070385	tt0298709	1	5
tt0070440	tt1667703	1	2
tt0070441	tt1695587	\N	\N
tt0070476	tt1667703	1	3
tt0070480	tt0164295	2	4
tt0070482	tt0165592	3	16
tt0070494	tt0312084	1	3
tt0070542	tt1049986	1	1
tt0070546	tt0212699	8	21
tt0070551	tt0069620	1	0
tt0070577	tt0165593	9	4
tt0070597	tt0165593	9	3
tt0070611	tt0202179	2	1
tt0070612	tt0165593	8	7
tt0070711	tt0407366	1	5
tt0070715	tt0164295	1	3
tt0070717	tt0165592	3	15
tt0070725	tt0165592	3	22
tt0070732	tt0797756	1	17
tt0070745	tt0070993	1	0
tt0070776	tt0806910	1	29
tt0070777	tt0806910	1	34
tt0070786	tt0348892	1	17
tt0070799	tt0165592	3	24
tt0070816	tt0069646	1	0
tt0070824	tt0298709	1	3
tt0070925	tt0065327	2	18
tt0070958	tt1695587	\N	\N
tt0071074	tt0267198	1	7
tt0071119	tt0165592	4	11
tt0071158	tt0159876	\N	\N
tt0071191	tt0277509	2	1
tt0071195	tt0072470	1	0
tt0071217	tt0072543	1	1
tt0071223	tt0069633	1	4
tt0071246	tt0202179	3	2
tt0071264	tt0762803	1	3
tt0071302	tt0165593	9	5
tt0071313	tt0165592	4	21
tt0071343	tt0164295	2	6
tt0071345	tt1466074	3	8
tt0071346	tt1466074	4	3
tt0071347	tt1466074	3	6
tt0071348	tt1466074	4	2
tt0071349	tt1466074	3	5
tt0071350	tt1466074	2	5
tt0071351	tt1466074	3	7
tt0071393	tt0277509	2	2
tt0071403	tt0165593	9	7
tt0071461	tt0165593	10	2
tt0071501	tt0200358	8	8
tt0071546	tt0277509	2	4
tt0071548	tt0070990	1	0
tt0071551	tt0298665	8	1
tt0071570	tt0199214	3	1
tt0071574	tt0298665	8	3
tt0071656	tt0071012	1	0
tt0071659	tt1049986	2	1
tt0071669	tt1049986	1	12
tt0071683	tt0419311	1	4
tt0071697	tt0165592	4	12
tt0071759	tt0071007	1	0
tt0071781	tt0071008	1	0
tt0071810	tt0806910	1	46
tt0071823	tt1389029	1	2
tt0071869	tt1091486	1	10
tt0071876	tt0164295	4	3
tt0071881	tt1389029	1	3
tt0071894	tt0071017	1	0
tt0071903	tt0164295	6	2
tt0071912	tt0202206	\N	\N
tt0071924	tt0164295	3	6
tt0072072	tt0969783	1	2
tt0072091	tt0165593	10	4
tt0072093	tt0071042	1	0
tt0072121	tt0165592	4	20
tt0072127	tt0063920	6	11
tt0072138	tt0071056	1	0
tt0072164	tt1091486	1	11
tt0072175	tt0165593	9	8
tt0072203	tt0072567	1	0
tt0072258	tt0806910	1	36
tt0072259	tt0806910	1	41
tt0072283	tt0072576	1	0
tt0072341	tt0270780	1	3
tt0072420	tt0165593	10	3
tt0072458	tt0849411	\N	\N
tt0072465	tt0202206	\N	\N
tt0072593	tt0165592	6	4
tt0072654	tt0165593	10	5
tt0072660	tt1614886	1	6
tt0072683	tt0072471	1	1
tt0072686	tt10549352	\N	\N
tt0072688	tt1614886	1	5
tt0072702	tt0071325	1	18
tt0072715	tt0072478	1	0
tt0072733	tt0165592	5	20
tt0072738	tt0762803	2	1
tt0072741	tt0072481	1	0
tt0072743	tt1614886	1	1
tt0072755	tt10667296	1	2
tt0072796	tt0159876	\N	\N
tt0072800	tt1466074	5	2
tt0072801	tt1466074	4	6
tt0072802	tt1466074	4	1
tt0072803	tt1466074	5	1
tt0072804	tt1466074	5	3
tt0072805	tt1466074	4	5
tt0072806	tt1466074	4	4
tt0072808	tt0071325	1	3
tt0072815	tt0071325	1	6
tt0072907	tt10667296	1	1
tt0072929	tt0072496	1	0
tt0072997	tt1049986	2	12
tt0072998	tt0165592	5	21
tt0073007	tt0159876	\N	\N
tt0073032	tt0165592	5	8
tt0073048	tt0312084	3	4
tt0073060	tt0165592	5	14
tt0073062	tt0065296	\N	\N
tt0073065	tt1049986	2	19
tt0073153	tt1049986	3	3
tt0073154	tt1614886	1	2
tt0073176	tt0397818	1	1
tt0073178	tt0072515	1	0
tt0073189	tt0259806	6	4
tt0073217	tt1049986	2	18
tt0073228	tt0072526	1	0
tt0073245	tt0165593	10	7
tt0073256	tt0806910	1	58
tt0073288	tt0071325	1	22
tt0073300	tt0165593	11	2
tt0073313	tt0165593	11	3
tt0073355	tt0397818	1	2
tt0073361	tt0072542	1	0
tt0073374	tt0207281	1	3
tt0073408	tt0165592	6	3
tt0073409	tt0071325	1	23
tt0073412	tt0762803	2	2
tt0073423	tt0071325	1	24
tt0073449	tt0074074	1	1
tt0073481	tt0298685	1	3
tt0073484	tt0071325	1	9
tt0073531	tt0259806	4	4
tt0073587	tt0397818	1	3
tt0073606	tt0075471	1	6
tt0073617	tt1614886	1	4
tt0073642	tt0165592	6	10
tt0073648	tt1049986	2	2
tt0073667	tt0165593	10	6
tt0073677	tt0071054	3	17
tt0073740	tt0071325	1	7
tt0073745	tt10667296	1	4
tt0073748	tt1049986	2	16
tt0073757	tt0165593	10	8
tt0073763	tt1049986	2	7
tt0073777	tt0072574	1	0
tt0073789	tt0806910	1	52
tt0073790	tt0806910	1	55
tt0073805	tt0165592	6	8
tt0073821	tt1049986	2	6
tt0073828	tt0165592	6	2
tt0073890	tt0164295	4	6
tt0073912	tt0806910	1	50
tt0073938	tt0806910	1	51
tt0074088	tt0159876	\N	\N
tt0074171	tt0073961	1	0
tt0074182	tt0165592	7	1
tt0074255	tt0165592	7	7
tt0074261	tt0762803	3	4
tt0074301	tt0073972	1	0
tt0074307	tt0165593	11	7
tt0074318	tt0167732	1	23
tt0074327	tt1466074	5	4
tt0074328	tt1466074	6	1
tt0074329	tt1466074	5	6
tt0074330	tt1466074	5	5
tt0074331	tt1466074	6	2
tt0074428	tt0165592	6	24
tt0074429	tt0762803	4	2
tt0074453	tt0165592	6	23
tt0074551	tt0165593	11	8
tt0074558	tt0075510	1	0
tt0074568	tt0073994	1	0
tt0074580	tt0207281	1	1
tt0074648	tt0165592	6	25
tt0074655	tt0075517	1	0
tt0074668	tt10549352	\N	\N
tt0074669	tt10549352	\N	\N
tt0074674	tt1049986	3	9
tt0074690	tt1043199	1	3
tt0074725	tt0762803	3	9
tt0074726	tt0165592	6	17
tt0074753	tt0075523	1	0
tt0074759	tt0259806	7	2
tt0074772	tt0075524	1	0
tt0074822	tt0762803	4	3
tt0074823	tt0165593	11	6
tt0074834	tt0077027	1	0
tt0074854	tt1049986	5	2
tt0074895	tt0762803	4	1
tt0074922	tt0074026	1	0
tt0074988	tt0165592	6	12
tt0075000	tt10549352	\N	\N
tt0075022	tt0075552	1	0
tt0075050	tt0165592	6	22
tt0075072	tt0762803	3	8
tt0075075	tt0331805	2	6
tt0075095	tt0762803	3	5
tt0075124	tt1380837	1	1
tt0075149	tt0165592	7	3
tt0075193	tt0074054	1	0
tt0075308	tt0806910	1	66
tt0075309	tt0806910	1	73
tt0075310	tt0806910	1	63
tt0075331	tt0165592	6	21
tt0075351	tt0165593	11	5
tt0075422	tt0169416	1	5
tt0075446	tt1049986	3	4
tt0075450	tt0165592	7	6
tt0075460	tt0806910	1	61
tt0075622	tt0165592	8	3
tt0075623	tt0958967	1	3
tt0075661	tt1294801	1	2
tt0075671	tt0076975	1	1
tt0075673	tt0165593	12	6
tt0075719	tt0167732	1	24
tt0075761	tt0400019	1	3
tt0075828	tt1724507	1	17
tt0075864	tt1466074	6	3
tt0075865	tt1466074	7	2
tt0075866	tt1466074	7	1
tt0075869	tt0165592	8	2
tt0075986	tt0400019	1	6
tt0076007	tt0958967	1	2
tt0076016	tt0077008	1	1
tt0076132	tt0165593	12	7
tt0076143	tt0400019	1	4
tt0076156	tt0934712	1	3
tt0076163	tt0400019	1	5
tt0076190	tt0077031	1	1
tt0076225	tt0075519	1	1
tt0076267	tt0208624	1	10
tt0076269	tt0159876	\N	\N
tt0076273	tt0165592	7	9
tt0076279	tt0806901	7	2
tt0076335	tt0075532	1	0
tt0076357	tt0075533	1	1
tt0076375	tt0927664	1	2
tt0076376	tt0165592	8	7
tt0076421	tt0075539	1	0
tt0076429	tt0806910	1	82
tt0076450	tt0075529	1	0
tt0076482	tt1245432	1	4
tt0076503	tt0075551	1	0
tt0076530	tt1049986	6	9
tt0076547	tt1245432	1	1
tt0076565	tt1057900	1	1
tt0076608	tt1049986	6	10
tt0076640	tt0075573	1	0
tt0076703	tt12919018	\N	\N
tt0076705	tt0958967	1	6
tt0076718	tt0958967	1	4
tt0076775	tt0165592	8	1
tt0076799	tt0806910	1	72
tt0076800	tt0806910	1	75
tt0076819	tt0400019	1	2
tt0076906	tt0165593	13	2
tt0076925	tt0165593	12	4
tt0076940	tt12919018	\N	\N
tt0076942	tt0165593	13	1
tt0077035	tt0165593	14	1
tt0077129	tt0165592	8	17
tt0077196	tt0078564	1	0
tt0077282	tt0165592	9	7
tt0077310	tt0120958	4	1
tt0077325	tt0046593	24	16
tt0077346	tt5272570	1	1
tt0077347	tt5272570	1	2
tt0077352	tt1466074	7	4
tt0077353	tt1466074	7	3
tt0077354	tt1466074	7	5
tt0077378	tt1245432	2	1
tt0077397	tt0165593	13	7
tt0077424	tt0165592	8	15
tt0077437	tt0165592	9	4
tt0077496	tt0068067	7	3
tt0077515	tt0075471	1	10
tt0077561	tt0958967	1	16
tt0077565	tt0165593	13	3
tt0077568	tt0077011	1	0
tt0077569	tt0958967	1	20
tt0077576	tt0806910	1	64
tt0077582	tt1471316	\N	\N
tt0077583	tt1245432	2	6
tt0077715	tt0958967	1	22
tt0077803	tt0208624	1	11
tt0077830	tt0958967	2	1
tt0077861	tt0078643	1	1
tt0077862	tt0958967	1	19
tt0077953	tt0958967	1	11
tt0078003	tt4322992	1	2
tt0078004	tt4322992	1	3
tt0078005	tt4322992	1	1
tt0078160	tt0077008	1	2
tt0078181	tt0806910	1	83
tt0078246	tt0071054	5	1
tt0078247	tt0958967	1	17
tt0078301	tt0165592	9	6
tt0078363	tt0806910	1	91
tt0078364	tt0806910	1	90
tt0078365	tt0806910	1	87
tt0078454	tt0077093	1	0
tt0078455	tt2786254	1	2
tt0078459	tt0159876	6	5
tt0078486	tt0958967	1	21
tt0078491	tt0165592	9	15
tt0078735	tt0762803	6	4
tt0078758	tt1294801	1	5
tt0078882	tt0165592	9	14
tt0078904	tt0077031	2	1
tt0078922	tt1686687	\N	\N
tt0078984	tt0165592	10	3
tt0078985	tt0165592	9	20
tt0078990	tt0081845	\N	\N
tt0078996	tt0958967	1	23
tt0079033	tt0078595	1	0
tt0079034	tt1245432	3	3
tt0079071	tt0072543	1	3
tt0079127	tt0120958	4	5
tt0079129	tt0078697	1	1
tt0079131	tt0958967	2	2
tt0079259	tt0080227	1	1
tt0079272	tt0078622	1	0
tt0079391	tt0078635	1	1
tt0079458	tt2487424	1	1
tt0079459	tt2487424	1	2
tt0079496	tt1686687	\N	\N
tt0079530	tt0806910	1	107
tt0079536	tt0165593	14	2
tt0079663	tt0958967	2	12
tt0079666	tt1015569	1	1
tt0079752	tt7810182	1	1
tt0079847	tt0078681	1	0
tt0079863	tt0762803	6	1
tt0079865	tt0806910	1	100
tt0079989	tt0806910	1	97
tt0079990	tt0806910	1	96
tt0079991	tt0806910	1	95
tt0079992	tt0806910	1	101
tt0079993	tt0806910	1	104
tt0079994	tt0806910	1	105
tt0079995	tt0806910	1	106
tt0080005	tt0080289	1	1
tt0080059	tt0159876	6	10
tt0080106	tt0165593	14	3
tt0080138	tt0165593	14	5
tt0080263	tt0079902	1	2
tt0080400	tt3662072	\N	\N
tt0080507	tt0762803	7	1
tt0080744	tt0081863	1	0
tt0080782	tt0762803	6	9
tt0080819	tt0762803	7	5
tt0080866	tt0806910	1	119
tt0080918	tt0762803	6	15
tt0080954	tt0165592	11	10
tt0080967	tt0762803	7	13
tt0081054	tt0159876	\N	\N
tt0081103	tt0080240	1	1
tt0081143	tt0927664	1	5
tt0081251	tt0165592	11	6
tt0081275	tt0165593	15	2
tt0081282	tt0762803	6	25
tt0081333	tt0762803	6	8
tt0081444	tt0199214	1	2
tt0081462	tt0806910	1	113
tt0081468	tt0075471	4	1
tt0081487	tt0053510	\N	\N
tt0081516	tt0080231	1	7
tt0081524	tt0080276	1	0
tt0081548	tt0806910	1	114
tt0081599	tt0806910	1	111
tt0081600	tt0806910	1	112
tt0081601	tt0806910	1	108
tt0081602	tt0806910	1	117
tt0081603	tt0806910	1	118
tt0081604	tt0806910	1	115
tt0082008	tt0081826	1	0
tt0082018	tt0202179	11	1
tt0082024	tt0176357	1	5
tt0082067	tt0806910	1	122
tt0082104	tt0081837	1	1
tt0082130	tt0083395	1	0
tt0082188	tt0081843	1	0
tt0082191	tt0176357	1	6
tt0082390	tt0165592	11	8
tt0082458	tt0075471	3	8
tt0082604	tt0176357	2	4
tt0082901	tt0083464	1	0
tt0083132	tt0399943	3	4
tt0083140	tt0159876	\N	\N
tt0083171	tt0806910	1	124
tt0083172	tt0806910	1	125
tt0083173	tt0806910	1	126
tt0083174	tt0806910	1	131
tt0083175	tt0806910	1	130
tt0083176	tt0806910	1	128
tt0083177	tt0806910	1	123
tt0083231	tt0053510	\N	\N
tt0083325	tt0176357	1	4
tt0083523	tt0046593	28	22
tt0083531	tt12753314	\N	\N
tt0083536	tt0159876	12	2
tt0083566	tt0165592	13	8
tt0083613	tt0176357	1	25
tt0083626	tt1480503	1	71
tt0083787	tt1012950	1	1
tt0083809	tt1380834	1	1
tt0083862	tt0969784	2	11
tt0083935	tt0176357	1	9
tt0083985	tt1480503	1	36
tt0084022	tt0176357	1	10
tt0084024	tt0202179	12	5
tt0084035	tt0080231	1	10
tt0084082	tt0165592	12	19
tt0084093	tt0085032	1	0
tt0084097	tt0762803	8	14
tt0084142	tt0165592	13	4
tt0084161	tt0199214	2	4
tt0084185	tt0169446	\N	\N
tt0084186	tt1012950	5	1
tt0084209	tt0176357	1	2
tt0084218	tt0083437	1	1
tt0084257	tt0165593	15	3
tt0084275	tt1480503	1	11
tt0084312	tt7000188	1	9
tt0084371	tt0176357	1	17
tt0084499	tt0176357	1	11
tt0084537	tt0176357	1	16
tt0084603	tt0259794	1	3
tt0084641	tt0846838	1	3
tt0084642	tt0846838	1	2
tt0084653	tt0176357	1	3
tt0084676	tt1012950	4	3
tt0084703	tt0806910	1	133
tt0084731	tt0806910	1	137
tt0084754	tt0083486	1	1
tt0084758	tt0046593	28	14
tt0084759	tt0083488	1	1
tt0084765	tt0806910	1	139
tt0084766	tt0806910	1	132
tt0084767	tt0806910	1	138
tt0084768	tt0806910	1	134
tt0084769	tt0806910	1	140
tt0084770	tt0806910	1	143
tt0084771	tt0806910	1	135
tt0084804	tt0165592	12	16
tt0084885	tt0046593	28	12
tt0084916	tt0176357	1	14
tt0084960	tt7000188	1	2
tt0085193	tt0075474	7	5
tt0085197	tt0806901	13	1
tt0085259	tt0806910	1	147
tt0085343	tt0176357	3	12
tt0085386	tt0085002	1	1
tt0085523	tt0176357	2	3
tt0085534	tt0898240	1	1
tt0085538	tt0176357	2	5
tt0085558	tt0176357	2	8
tt0085630	tt1287866	1	8
tt0085651	tt0075471	6	1
tt0085677	tt0096552	\N	\N
tt0085686	tt7000188	1	11
tt0085727	tt0165593	16	3
tt0085729	tt0159876	11	11
tt0085826	tt1155386	1	1
tt0085827	tt1155386	1	2
tt0085828	tt1155386	1	3
tt0085847	tt0270639	\N	\N
tt0085898	tt0085051	1	1
tt0085914	tt0085055	1	1
tt0085917	tt0176357	4	2
tt0085942	tt2286153	1	6
tt0085944	tt0176357	2	2
tt0086052	tt0202179	13	7
tt0086109	tt0199214	3	3
tt0086114	tt0167732	1	18
tt0086116	tt0077082	6	26
tt0086202	tt0086791	1	1
tt0086210	tt0176357	2	12
tt0086223	tt0085084	1	0
tt0086249	tt0085088	1	0
tt0086297	tt0081930	3	6
tt0086400	tt0147770	1	8
tt0086414	tt0806910	1	152
tt0086415	tt0806910	1	146
tt0086416	tt0806910	1	144
tt0086417	tt0806910	1	148
tt0086418	tt0806910	1	149
tt0086481	tt0176357	3	3
tt0086514	tt12729202	1	1
tt0086530	tt1856236	1	8
tt0086905	tt2158111	1	3
tt0086970	tt0147770	1	7
tt0087012	tt0199184	8	14
tt0087016	tt9074082	\N	\N
tt0087025	tt0086678	1	1
tt0087051	tt0080231	1	8
tt0087059	tt0199214	4	5
tt0087079	tt0176357	3	14
tt0087087	tt0147770	1	10
tt0087093	tt0086690	1	0
tt0087106	tt0147770	1	3
tt0087124	tt0985040	1	1
tt0087153	tt0147770	1	4
tt0087199	tt0199214	4	7
tt0087259	tt0086712	1	1
tt0087267	tt0176357	5	11
tt0087321	tt0806910	1	160
tt0087331	tt0176357	3	1
tt0087339	tt0086722	1	1
tt0087342	tt0176357	4	5
tt0087357	tt0167732	1	16
tt0087388	tt0176357	3	9
tt0087395	tt0985040	2	1
tt0087410	tt0812202	1	4
tt0087427	tt0086733	1	1
tt0087437	tt0086734	1	1
tt0087467	tt0147770	1	6
tt0087554	tt0176357	3	10
tt0087598	tt0147770	1	2
tt0087601	tt0147770	1	5
tt0087632	tt0199214	6	2
tt0087654	tt0167732	1	15
tt0087713	tt0167732	1	9
tt0087717	tt0086759	1	1
tt0087721	tt0806910	1	169
tt0087757	tt0086765	1	0
tt0087783	tt0167732	1	8
tt0087801	tt0176357	4	13
tt0087820	tt0167732	1	20
tt0087832	tt2158111	1	2
tt0087833	tt2158111	1	1
tt0087890	tt0167732	1	13
tt0087919	tt0167732	1	10
tt0087954	tt0176357	3	2
tt0087990	tt0176357	3	7
tt0088016	tt0176357	5	2
tt0088030	tt0167732	1	3
tt0088051	tt0974356	\N	\N
tt0088061	tt0846838	1	4
tt0088062	tt0846838	1	5
tt0088144	tt0165592	13	1
tt0088148	tt0176357	4	3
tt0088232	tt0806910	1	163
tt0088233	tt0806910	1	154
tt0088234	tt0806910	1	157
tt0088235	tt0806910	1	156
tt0088236	tt0806910	1	164
tt0088237	tt0806910	1	158
tt0088238	tt0806910	1	155
tt0088239	tt0806910	1	159
tt0088244	tt0147770	1	13
tt0088283	tt0806901	20	8
tt0088304	tt0167732	1	11
tt0088317	tt0167732	1	6
tt0088325	tt0297626	1	3
tt0088387	tt0812202	1	3
tt0088439	tt0165592	14	3
tt0088588	tt0149504	1	0
tt0088656	tt0088655	1	2
tt0088657	tt0088655	1	3
tt0088666	tt0820333	1	3
tt0088672	tt0167732	1	17
tt0088677	tt0176357	5	4
tt0088692	tt0088476	1	0
tt0088728	tt0088622	1	9
tt0088742	tt0046593	31	5
tt0088755	tt0806910	1	187
tt0088759	tt0985040	3	3
tt0088798	tt1729107	1	7
tt0088825	tt0297626	2	10
tt0088832	tt0297626	3	2
tt0088901	tt0176357	4	11
tt0088909	tt0147770	1	12
tt0088935	tt0088495	1	1
tt0088949	tt0297626	1	1
tt0089027	tt0088507	1	6
tt0089232	tt0159876	\N	\N
tt0089262	tt0159876	\N	\N
tt0089291	tt0297626	2	5
tt0089387	tt0159876	13	10
tt0089455	tt0088549	1	1
tt0089528	tt0088558	1	1
tt0089548	tt0167732	1	28
tt0089570	tt0297626	2	1
tt0089596	tt0078657	6	7
tt0089602	tt0088568	1	1
tt0089616	tt0159876	15	1
tt0089619	tt0088571	1	1
tt0089701	tt0176357	4	6
tt0089759	tt0176357	\N	\N
tt0089833	tt2286153	1	12
tt0089915	tt0167732	1	12
tt0089944	tt0297626	2	9
tt0089969	tt0806910	1	176
tt0089975	tt0806901	8	5
tt0090004	tt0088606	1	1
tt0090131	tt0806910	1	166
tt0090132	tt0806910	1	171
tt0090133	tt0806910	1	170
tt0090134	tt0806910	1	167
tt0090135	tt0806910	1	172
tt0090136	tt0806910	1	174
tt0090158	tt3469694	1	3
tt0090164	tt0176357	4	18
tt0090176	tt0297626	2	3
tt0090187	tt0248656	1	6
tt0090231	tt0176357	4	14
tt0090320	tt1287866	\N	\N
tt0090328	tt0080231	1	1
tt0090560	tt0167732	1	22
tt0090607	tt0176357	6	1
tt0090680	tt0046593	31	4
tt0090732	tt0820333	2	6
tt0090751	tt0083486	5	16
tt0090780	tt0190210	1	3
tt0090803	tt0046593	30	16
tt0090804	tt0088622	1	3
tt0090858	tt0297626	3	1
tt0090885	tt0090410	1	1
tt0090943	tt0090481	1	1
tt0090947	tt0364151	2	2
tt0090975	tt1686687	\N	\N
tt0090990	tt0297626	3	5
tt0091048	tt0046593	30	10
tt0091111	tt0820333	2	5
tt0091115	tt0046593	30	5
tt0091146	tt0167732	1	21
tt0091186	tt0090445	1	1
tt0091194	tt0046593	30	1
tt0091198	tt0046593	31	2
tt0091222	tt0297626	2	8
tt0091248	tt0046593	30	9
tt0091279	tt0364151	2	1
tt0091280	tt0090460	1	1
tt0091368	tt0090466	1	1
tt0091386	tt0090469	1	0
tt0091393	tt0884889	1	3
tt0091394	tt1155386	1	4
tt0091395	tt0046593	31	7
tt0091418	tt0985040	4	2
tt0091420	tt0046593	31	3
tt0091432	tt0167732	1	25
tt0091478	tt0806901	18	2
tt0091566	tt0046593	30	11
tt0091606	tt0297626	3	6
tt0091634	tt0364151	2	4
tt0091649	tt0297626	3	7
tt0091708	tt0090498	1	1
tt0091821	tt0092434	1	0
tt0091852	tt0046593	30	7
tt0091854	tt0806910	1	181
tt0091858	tt0176357	5	1
tt0091861	tt0176357	5	16
tt0091864	tt0176357	5	13
tt0091870	tt2013869	1	4
tt0091901	tt0974356	\N	\N
tt0091906	tt1087545	1	7
tt0092027	tt0046593	31	9
tt0092028	tt0176357	5	19
tt0092039	tt0086791	2	5
tt0092055	tt1087545	1	6
tt0092056	tt0806910	1	182
tt0092057	tt1087545	1	4
tt0092058	tt0806910	1	180
tt0092059	tt0806910	1	188
tt0092060	tt0806910	1	179
tt0092061	tt0806910	1	184
tt0092062	tt0806910	1	185
tt0092063	tt0806910	1	186
tt0092077	tt0046593	31	8
tt0092152	tt0077082	7	14
tt0092269	tt0046593	30	13
tt0092277	tt0297626	2	13
tt0092318	tt0346222	1	7
tt0092396	tt1531715	1	1
tt0092518	tt0297626	3	4
tt0092594	tt0884889	\N	\N
tt0092595	tt0167606	1	11
tt0092657	tt0046593	31	19
tt0092696	tt0046593	31	23
tt0092724	tt1049304	2	4
tt0092766	tt0088621	3	7
tt0092893	tt0088507	1	1
tt0092894	tt0088507	1	13
tt0092895	tt0088507	1	15
tt0092918	tt0176357	6	10
tt0092919	tt0046593	31	22
tt0092920	tt0046593	31	15
tt0092968	tt0985040	4	7
tt0092970	tt0200358	23	1
tt0092975	tt0884889	\N	\N
tt0092977	tt0297626	4	5
tt0093060	tt0167732	1	33
tt0093064	tt0167732	1	30
tt0093100	tt0297626	3	11
tt0093114	tt1570506	1	1
tt0093123	tt0167606	1	13
tt0093154	tt0167606	1	10
tt0093168	tt0297626	3	9
tt0093187	tt0094477	1	0
tt0093189	tt0094479	1	0
tt0093222	tt0176357	6	8
tt0093226	tt0092374	1	1
tt0093292	tt0092381	1	2
tt0093294	tt0159876	\N	\N
tt0093372	tt0346222	1	2
tt0093387	tt0092389	1	1
tt0093397	tt0121027	23	6
tt0093414	tt0046593	31	17
tt0093439	tt0167732	1	29
tt0093510	tt0090481	2	1
tt0093511	tt5884844	\N	\N
tt0093530	tt0820333	4	5
tt0093570	tt0167732	1	26
tt0093602	tt0159876	\N	\N
tt0093642	tt0167732	\N	\N
tt0093783	tt0092430	1	1
tt0093787	tt0176357	6	2
tt0093806	tt0297626	3	12
tt0093815	tt0318224	23	16
tt0093817	tt0094416	1	2
tt0093842	tt0083470	5	1
tt0093852	tt0046593	32	3
tt0093868	tt1049304	2	10
tt0093887	tt1686687	\N	\N
tt0093923	tt0974356	\N	\N
tt0093929	tt0846838	1	8
tt0093971	tt0163492	2	15
tt0094023	tt0176357	8	3
tt0094030	tt0092455	1	1
tt0094051	tt0176357	7	1
tt0094083	tt0176357	7	11
tt0094088	tt0297626	4	3
tt0094109	tt0806910	1	191
tt0094110	tt0806910	1	199
tt0094111	tt0806910	1	197
tt0094112	tt0806910	1	193
tt0094113	tt0806910	1	194
tt0094114	tt0806910	1	192
tt0094115	tt0806910	1	198
tt0094116	tt0806910	1	196
tt0094119	tt0364151	2	9
tt0094186	tt5884844	\N	\N
tt0094193	tt0167732	\N	\N
tt0094200	tt1049302	\N	\N
tt0094225	tt1570506	1	2
tt0094273	tt0297626	4	1
tt0094275	tt0297626	3	8
tt0094286	tt0176357	6	11
tt0094311	tt0092480	1	1
tt0094330	tt0092484	1	1
tt0094360	tt0046593	31	16
tt0094362	tt0046593	31	20
tt0094409	tt0884889	\N	\N
tt0094458	tt0889258	1	1
tt0094539	tt0159876	\N	\N
tt0094541	tt0075471	11	3
tt0094603	tt0046593	33	5
tt0094636	tt0094414	1	1
tt0094640	tt0884889	\N	\N
tt0094697	tt0159876	15	9
tt0094742	tt0176357	7	15
tt0094808	tt0882736	1	1
tt0094867	tt0094433	1	0
tt0094877	tt0174386	\N	\N
tt0094953	tt0046593	33	4
tt0094978	tt0297626	5	1
tt0094982	tt0092337	1	1
tt0094983	tt0092337	1	10
tt0094984	tt0092337	1	2
tt0094985	tt0092337	1	3
tt0094986	tt0092337	1	4
tt0094987	tt0092337	1	5
tt0094988	tt0092337	1	6
tt0094989	tt0092337	1	7
tt0094990	tt0092337	1	8
tt0094991	tt0092337	1	9
tt0095013	tt0174386	\N	\N
tt0095018	tt1570506	1	4
tt0095023	tt0088507	1	8
tt0095024	tt0088507	1	9
tt0095025	tt0088507	1	10
tt0095026	tt0088507	1	11
tt0095027	tt0088507	1	12
tt0095028	tt0088507	1	14
tt0095029	tt0159410	1	4
tt0095030	tt0088507	1	7
tt0095077	tt0046593	32	11
tt0095112	tt0174386	\N	\N
tt0095130	tt0094416	2	3
tt0095158	tt0297626	5	8
tt0095164	tt0297626	5	3
tt0095202	tt0094999	1	1
tt0095259	tt0166458	2	1
tt0095282	tt0809273	\N	\N
tt0095283	tt0809273	\N	\N
tt0095284	tt0809273	\N	\N
tt0095287	tt0094475	1	1
tt0095328	tt0094482	1	1
tt0095343	tt0176357	7	13
tt0095420	tt0046593	32	22
tt0095509	tt1155386	1	5
tt0095553	tt1049304	4	3
tt0095603	tt0174386	\N	\N
tt0095661	tt3782882	\N	\N
tt0095664	tt0083402	4	3
tt0095671	tt0095670	1	6
tt0095672	tt0095670	1	4
tt0095673	tt0095670	1	3
tt0095674	tt0095670	1	5
tt0095691	tt0106078	1	3
tt0095695	tt1634348	1	3
tt0095748	tt0166458	2	7
tt0095775	tt1570506	1	3
tt0095783	tt0297625	2	6
tt0095858	tt0094524	1	4
tt0095907	tt0297626	7	6
tt0095910	tt12642334	1	5
tt0095911	tt12642334	1	2
tt0095998	tt0199184	13	15
tt0096001	tt0046593	32	13
tt0096086	tt0166458	2	4
tt0096108	tt0176357	8	7
tt0096135	tt0297626	6	7
tt0096165	tt1049304	3	11
tt0096195	tt0094560	1	0
tt0096225	tt0806910	1	206
tt0096227	tt0806910	1	209
tt0096228	tt0806910	1	211
tt0096229	tt0806910	1	205
tt0096230	tt0806910	1	214
tt0096231	tt0806910	1	208
tt0096232	tt0806910	1	201
tt0096233	tt0806910	1	207
tt0096234	tt0806910	1	212
tt0096255	tt0094416	1	10
tt0096305	tt0176357	7	12
tt0096327	tt1686687	\N	\N
tt0096330	tt0313144	\N	\N
tt0096361	tt0158415	1	4
tt0096362	tt0158415	1	1
tt0096363	tt0158415	1	2
tt0096374	tt1634348	1	2
tt0096395	tt0297626	5	6
tt0096449	tt0820333	4	3
tt0096518	tt0167726	1	11
tt0096781	tt1615489	2	2
tt0096792	tt0806910	1	221
tt0096805	tt0346222	3	6
tt0096835	tt0176357	8	2
tt0096864	tt0096538	2	4
tt0096865	tt0096538	1	1
tt0096955	tt0297625	1	7
tt0096983	tt0364151	3	8
tt0097061	tt0096558	1	1
tt0097082	tt1466074	9	2
tt0097083	tt1466074	8	1
tt0097084	tt1466074	8	4
tt0097085	tt1466074	9	1
tt0097086	tt1466074	9	6
tt0097087	tt1466074	8	2
tt0097088	tt1466074	9	4
tt0097089	tt1466074	8	3
tt0097091	tt1466074	9	5
tt0097110	tt0255726	1	2
tt0097246	tt0806901	20	10
tt0097272	tt0346222	3	5
tt0097300	tt0094456	2	6
tt0097324	tt1342141	1	1
tt0097346	tt0297626	7	4
tt0097430	tt0096594	1	1
tt0097451	tt0099283	1	6
tt0097484	tt0809273	\N	\N
tt0097485	tt0809273	\N	\N
tt0097486	tt0809273	\N	\N
tt0097491	tt1601983	2	1
tt0097514	tt6677224	1	1
tt0097736	tt1395811	\N	\N
tt0097763	tt0096619	1	11
tt0097822	tt0297626	6	2
tt0097847	tt1601983	2	9
tt0097906	tt0096619	1	6
tt0097907	tt0094512	2	7
tt0097920	tt0297625	1	6
tt0097924	tt0095670	1	7
tt0097925	tt0095670	1	2
tt0097945	tt0106078	1	7
tt0097946	tt0106078	1	5
tt0097947	tt0106078	1	6
tt0097948	tt0106078	1	8
tt0097983	tt0297625	1	2
tt0097989	tt0166458	3	1
tt0097993	tt1615489	1	3
tt0098021	tt0297626	6	1
tt0098028	tt0297625	1	1
tt0098041	tt0159876	\N	\N
tt0098106	tt0046593	34	6
tt0098132	tt12642334	1	4
tt0098133	tt12642334	1	3
tt0098134	tt12642334	1	1
tt0098135	tt12642334	1	6
tt0098151	tt0096684	1	1
tt0098166	tt0176357	8	1
tt0098266	tt1226281	1	1
tt0098286	tt0098904	1	1
tt0098301	tt1615489	1	6
tt0098307	tt0297625	1	5
tt0098349	tt0166458	3	4
tt0098371	tt1049304	4	8
tt0098393	tt0265408	1	3
tt0098445	tt0806910	1	222
tt0098446	tt0806910	1	217
tt0098447	tt0806910	1	224
tt0098448	tt0806910	1	226
tt0098449	tt0806910	1	225
tt0098450	tt0806910	1	215
tt0098504	tt3782882	\N	\N
tt0098526	tt0096718	1	1
tt0098553	tt1342141	1	3
tt0098576	tt0158415	1	3
tt0098581	tt0166458	3	7
tt0098670	tt0096731	1	1
tt0098671	tt0166458	1	1
tt0098722	tt0096733	1	1
tt0098755	tt0133302	8	8
tt0099003	tt0297626	7	12
tt0099032	tt1049304	5	1
tt0099037	tt0176357	9	4
tt0099139	tt0313144	\N	\N
tt0099217	tt0098761	1	1
tt0099222	tt0265408	1	2
tt0099279	tt0297626	6	4
tt0099288	tt1466074	9	3
tt0099289	tt1466074	10	1
tt0099370	tt0098889	1	5
tt0099383	tt0099231	2	2
tt0099427	tt1342141	1	2
tt0099457	tt0809273	\N	\N
tt0099526	tt0046593	34	13
tt0099530	tt12606372	1	6
tt0099532	tt0265408	1	4
tt0099580	tt0098798	1	0
tt0099661	tt0985040	7	3
tt0099727	tt0159876	\N	\N
tt0099744	tt0809273	\N	\N
tt0099745	tt0809273	\N	\N
tt0099746	tt0809273	\N	\N
tt0099781	tt0176357	10	4
tt0099811	tt0086734	7	1
tt0099835	tt0313144	\N	\N
tt0099851	tt0176357	10	1
tt0099952	tt0297626	6	12
tt0099971	tt1049304	5	5
tt0099992	tt0297626	7	7
tt0100155	tt0167566	\N	\N
tt0100216	tt0094525	3	1
tt0100255	tt1049304	5	3
tt0100316	tt0098884	1	1
tt0100370	tt1634348	1	1
tt0100406	tt0099231	2	3
tt0100439	tt0166458	4	9
tt0100474	tt0167566	\N	\N
tt0100482	tt0167566	\N	\N
tt0100492	tt0806910	1	241
tt0100515	tt0096552	\N	\N
tt0100578	tt0176357	9	1
tt0100580	tt1601983	3	5
tt0100642	tt0297626	6	8
tt0100658	tt0166458	4	1
tt0100664	tt0815353	\N	\N
tt0100710	tt0098889	1	10
tt0100718	tt0098916	1	1
tt0100724	tt0297625	2	4
tt0100748	tt0806910	1	237
tt0100749	tt0806910	1	229
tt0100750	tt0806910	1	227
tt0100751	tt0806910	1	231
tt0100752	tt0806910	1	236
tt0100753	tt0806910	1	228
tt0100754	tt0806901	20	9
tt0100755	tt0806910	1	233
tt0100770	tt0297626	7	11
tt0100818	tt0167566	\N	\N
tt0100900	tt0364151	6	9
tt0100948	tt0176357	9	2
tt0100953	tt1615489	2	4
tt0101095	tt13031912	1	1
tt0101179	tt0401056	2	1
tt0101246	tt0297626	7	5
tt0101271	tt0297625	3	9
tt0101274	tt0346328	1	1
tt0101300	tt0297625	3	7
tt0101358	tt1049304	5	2
tt0101443	tt0806901	21	3
tt0101480	tt0139780	1	5
tt0101556	tt1466074	10	2
tt0101602	tt1466074	10	3
tt0101603	tt1466074	11	1
tt0101655	tt3687174	\N	\N
tt0101729	tt0094456	6	10
tt0101750	tt0298685	2	2
tt0101835	tt12606372	1	3
tt0101837	tt12606372	1	2
tt0101838	tt12606372	1	4
tt0101840	tt12606372	1	5
tt0101894	tt0297626	8	2
tt0101915	tt0159876	19	4
tt0101971	tt0176357	10	2
tt0101972	tt0297626	8	1
tt0102012	tt0297626	7	1
tt0102111	tt1615489	2	3
tt0102143	tt2138025	\N	\N
tt0102144	tt2138025	\N	\N
tt0102145	tt2138025	\N	\N
tt0102172	tt0102171	1	2
tt0102199	tt0199184	16	17
tt0102255	tt1634348	1	4
tt0102276	tt0297626	8	11
tt0102281	tt0297626	8	10
tt0102337	tt0159876	20	17
tt0102378	tt0167644	1	1
tt0102379	tt0167644	1	4
tt0102416	tt0098765	2	1
tt0102424	tt0166458	5	9
tt0102501	tt0106078	2	3
tt0102502	tt0106078	2	2
tt0102547	tt0889258	2	1
tt0102605	tt0224815	1	8
tt0102621	tt0101161	1	1
tt0102643	tt0101152	1	1
tt0102644	tt0159876	20	3
tt0102711	tt0297625	3	6
tt0102769	tt0889258	2	2
tt0102786	tt0135104	\N	\N
tt0102787	tt0135104	\N	\N
tt0102856	tt1226281	1	2
tt0102857	tt0846838	1	11
tt0102863	tt0297625	3	3
tt0102925	tt0939820	1	1
tt0103020	tt0096658	3	13
tt0103046	tt0806910	1	252
tt0103047	tt0806910	1	251
tt0103048	tt0806910	1	239
tt0103049	tt0806910	1	250
tt0103050	tt0806910	1	234
tt0103051	tt0806910	1	247
tt0103052	tt0806910	1	246
tt0103053	tt0806910	1	249
tt0103054	tt0806910	1	240
tt0103062	tt0297625	3	2
tt0103071	tt0806901	21	9
tt0103145	tt0985040	9	2
tt0103149	tt0806910	1	243
tt0103159	tt0298685	1	0
tt0103221	tt0297626	9	8
tt0103409	tt13031912	1	2
tt0103758	tt1049304	7	3
tt0103822	tt0297625	4	4
tt0103861	tt0297625	4	3
tt0103915	tt0806910	1	254
tt0103986	tt1466074	11	3
tt0103987	tt1466074	11	2
tt0103993	tt0297626	8	8
tt0104015	tt1049304	7	1
tt0104064	tt0297626	9	5
tt0104124	tt0094416	5	3
tt0104152	tt0094416	4	8
tt0104158	tt0485176	\N	\N
tt0104178	tt0098765	3	2
tt0104199	tt7263982	\N	\N
tt0104226	tt0806910	1	267
tt0104328	tt3782882	\N	\N
tt0104387	tt0147788	1	5
tt0104591	tt0889258	3	1
tt0104603	tt8024248	1	2
tt0104618	tt0166458	6	8
tt0104625	tt0884889	\N	\N
tt0104688	tt0098765	3	1
tt0104698	tt0884889	\N	\N
tt0104738	tt1049304	7	9
tt0104784	tt0147788	1	3
tt0104792	tt0167644	2	1
tt0104793	tt0167644	2	3
tt0104803	tt0100099	1	2
tt0104806	tt1049304	7	5
tt0104825	tt0090481	7	1
tt0104849	tt0297626	8	13
tt0104929	tt0176357	\N	\N
tt0104931	tt2897628	1	1
tt0104932	tt2897628	1	2
tt0104933	tt2897628	1	4
tt0104934	tt2897628	1	3
tt0104935	tt2897628	1	5
tt0104936	tt2897628	1	6
tt0104958	tt0106078	2	4
tt0104959	tt0106078	2	7
tt0104991	tt0106084	1	4
tt0105115	tt0224815	\N	\N
tt0105204	tt0297625	3	8
tt0105273	tt0147788	1	4
tt0105332	tt1226281	1	3
tt0105357	tt0224815	1	7
tt0105373	tt0094456	5	10
tt0105418	tt0298685	2	5
tt0105440	tt0101152	2	1
tt0105453	tt0094456	2	10
tt0105528	tt0298685	2	1
tt0105539	tt0806910	1	266
tt0105540	tt0806910	1	256
tt0105541	tt0806910	1	253
tt0105542	tt0806910	1	257
tt0105544	tt0806910	1	274
tt0105545	tt0806910	1	276
tt0105546	tt0806910	1	262
tt0105547	tt0806910	1	260
tt0105548	tt0806910	1	259
tt0105549	tt0806910	1	263
tt0105557	tt0147788	1	2
tt0105648	tt0297625	4	8
tt0105663	tt0147788	1	6
tt0105677	tt0224815	1	5
tt0105741	tt0297625	4	1
tt0105743	tt0224815	1	11
tt0105757	tt0313144	\N	\N
tt0105760	tt7263982	\N	\N
tt0105878	tt1049304	7	13
tt0105997	tt13031912	1	3
tt0106093	tt0985040	11	1
tt0106194	tt3782658	\N	\N
tt0106336	tt0105946	1	0
tt0106365	tt0806910	1	283
tt0106381	tt0821060	1	1
tt0106437	tt0101050	4	1
tt0106484	tt1642302	1	5
tt0106496	tt0297625	5	8
tt0106589	tt1466074	12	1
tt0106608	tt7760044	\N	\N
tt0106614	tt0297626	9	6
tt0106647	tt1582355	3	2
tt0106672	tt2739426	1	4
tt0106844	tt12606372	2	5
tt0106845	tt12606372	2	3
tt0106846	tt12606372	2	2
tt0106847	tt12606372	2	6
tt0106848	tt12606372	2	1
tt0106849	tt12606372	2	4
tt0106893	tt0297626	9	4
tt0106916	tt0176357	11	1
tt0106948	tt0297625	5	2
tt0107020	tt0106012	1	0
tt0107072	tt0176357	11	5
tt0107094	tt0092322	\N	\N
tt0107097	tt0298685	3	3
tt0107143	tt0297625	5	6
tt0107363	tt0103468	2	17
tt0107375	tt0101185	1	3
tt0107407	tt1213665	1	1
tt0107411	tt0364151	12	1
tt0107441	tt0296329	1	2
tt0107466	tt1397131	3	5
tt0107487	tt0167644	4	1
tt0107488	tt0167644	3	1
tt0107493	tt0094416	6	5
tt0107500	tt0100099	1	3
tt0107513	tt7760044	\N	\N
tt0107516	tt0297626	9	9
tt0107552	tt0133302	3	18
tt0107596	tt0108717	1	4
tt0107598	tt0202179	22	2
tt0107602	tt0152923	1	1
tt0107640	tt0106078	3	2
tt0107742	tt0815353	\N	\N
tt0107746	tt0108717	1	1
tt0107776	tt0218768	3	2
tt0107847	tt0806901	22	4
tt0107848	tt0806901	22	3
tt0107854	tt0176357	11	3
tt0107857	tt7760044	\N	\N
tt0107881	tt0107880	1	2
tt0107882	tt0107880	1	3
tt0107883	tt0107880	1	4
tt0107884	tt0107880	1	5
tt0107885	tt0107880	1	6
tt0107886	tt7760044	\N	\N
tt0108007	tt0297625	4	6
tt0108022	tt1049304	8	4
tt0108025	tt7760044	\N	\N
tt0108054	tt1226281	1	4
tt0108062	tt0106126	1	0
tt0108068	tt0297625	4	5
tt0108079	tt0267154	11	6
tt0108103	tt4778940	1	1
tt0108107	tt12749392	1	2
tt0108108	tt12749392	1	1
tt0108139	tt0094416	5	10
tt0108163	tt0108088	1	3
tt0108170	tt0297626	9	10
tt0108208	tt0889258	4	1
tt0108214	tt0106145	1	1
tt0108240	tt0907694	1	1
tt0108247	tt0159876	21	10
tt0108249	tt0297626	9	1
tt0108296	tt0806910	1	279
tt0108297	tt0806910	1	269
tt0108298	tt0806910	1	287
tt0108299	tt0806910	1	282
tt0108300	tt0806910	1	278
tt0108301	tt0806910	1	284
tt0108302	tt0806910	1	272
tt0108303	tt0806910	1	270
tt0108352	tt1342141	1	4
tt0108383	tt0252792	1	6
tt0108452	tt0959258	1	3
tt0108453	tt0959258	1	1
tt0108513	tt0297625	5	7
tt0108635	tt0103586	2	5
tt0108676	tt0112239	1	2
tt0108699	tt0889258	5	1
tt0108706	tt0212675	1	1
tt0108768	tt13031912	1	4
tt0108816	tt0112239	2	5
tt0109003	tt10198576	1	1
tt0109077	tt7263982	\N	\N
tt0109080	tt0297626	10	3
tt0109168	tt3796112	\N	\N
tt0109202	tt0297625	6	1
tt0109220	tt0809370	1	2
tt0109397	tt0298685	3	5
tt0109431	tt0252792	1	1
tt0109458	tt1466074	12	2
tt0109463	tt0139780	1	8
tt0109519	tt0094416	6	7
tt0109587	tt0298685	4	3
tt0109684	tt0108756	1	0
tt0109701	tt0108758	1	1
tt0109853	tt0252792	1	9
tt0109909	tt0199184	19	6
tt0109928	tt0809370	1	6
tt0109943	tt3793732	\N	\N
tt0109976	tt2329424	1	1
tt0109977	tt2329424	1	5
tt0109978	tt2329424	1	6
tt0109979	tt2329424	1	3
tt0109980	tt2329424	1	2
tt0110014	tt0094525	6	1
tt0110128	tt0094484	8	1
tt0110129	tt0094484	8	2
tt0110133	tt0252792	1	7
tt0110147	tt0139780	1	12
tt0110179	tt0108902	1	8
tt0110245	tt0907694	1	3
tt0110314	tt0806901	23	7
tt0110382	tt0297626	14	5
tt0110435	tt0202179	23	2
tt0110482	tt0298685	4	1
tt0110483	tt0298685	4	2
tt0110509	tt0297626	10	17
tt0110556	tt0112080	1	1
tt0110571	tt1781127	\N	\N
tt0110572	tt0159876	23	3
tt0110596	tt0297625	6	6
tt0110617	tt0106078	3	1
tt0110700	tt0297626	10	5
tt0110743	tt3805856	\N	\N
tt0110746	tt0806910	1	298
tt0110766	tt0252792	1	5
tt0110789	tt3782882	\N	\N
tt0110814	tt10198576	1	3
tt0110856	tt0109016	1	28
tt0110861	tt0806901	24	3
tt0110862	tt0806901	23	2
tt0110863	tt0806901	23	3
tt0110873	tt0252792	1	3
tt0111015	tt0806904	1	1
tt0111029	tt0889258	5	2
tt0111033	tt0108902	1	4
tt0111105	tt0075471	15	1
tt0111156	tt12749392	2	1
tt0111157	tt12749392	2	2
tt0111158	tt12749392	2	3
tt0111210	tt0297626	10	2
tt0111272	tt0108717	3	2
tt0111281	tt0092455	7	25
tt0111283	tt0874686	1	1
tt0111307	tt4106356	1	2
tt0111368	tt0806910	1	300
tt0111369	tt0806910	1	286
tt0111370	tt0806910	1	289
tt0111371	tt0806910	1	299
tt0111372	tt0806910	1	288
tt0111373	tt0806910	1	296
tt0111374	tt0806910	1	297
tt0111375	tt0806910	1	293
tt0111376	tt0806910	1	291
tt0111377	tt0806910	1	290
tt0111465	tt1868747	1998	3
tt0111524	tt0297625	6	4
tt0111535	tt0252792	1	2
tt0111570	tt0959258	1	7
tt0111571	tt0959258	1	5
tt0111572	tt0959258	1	4
tt0111669	tt0809370	1	4
tt0111692	tt0388574	\N	\N
tt0111709	tt0297625	5	1
tt0111721	tt0907694	1	2
tt0111906	tt0139780	1	11
tt0112026	tt0118358	5	3
tt0112120	tt10198576	1	6
tt0112250	tt10198576	1	7
tt0112268	tt0111870	1	1
tt0112278	tt0297626	11	5
tt0112331	tt0806901	24	9
tt0112475	tt0821060	1	2
tt0112490	tt0985040	12	5
tt0112531	tt0809370	1	5
tt0112587	tt2162289	2	1
tt0112663	tt0985040	13	2
tt0112676	tt10198576	1	5
tt0112677	tt10198576	1	9
tt0112705	tt1466074	13	1
tt0112718	tt0112111	1	12
tt0112733	tt0297626	11	4
tt0112737	tt3782882	\N	\N
tt0112855	tt10198576	1	8
tt0112932	tt0092322	8	67
tt0113003	tt0809370	1	3
tt0113020	tt1186344	1	4
tt0113053	tt3805856	\N	\N
tt0113127	tt0111971	1	1
tt0113147	tt0133302	14	12
tt0113167	tt10198576	1	11
tt0113251	tt2329424	1	4
tt0113387	tt0889258	6	1
tt0113395	tt1868747	1995	4
tt0113404	tt0094484	8	3
tt0113405	tt0094484	8	4
tt0113495	tt0106042	3	6
tt0113549	tt0298685	5	5
tt0113560	tt1342141	1	5
tt0113637	tt0159876	24	10
tt0113714	tt0297626	14	3
tt0113740	tt0167644	6	1
tt0113877	tt0159876	24	3
tt0113897	tt5278426	1	6
tt0113907	tt0806910	1	303
tt0113916	tt10198576	1	4
tt0113955	tt0297626	12	4
tt0113974	tt3805856	\N	\N
tt0114117	tt0297626	11	3
tt0114120	tt0094524	4	7
tt0114155	tt0806901	25	4
tt0114156	tt0806901	24	5
tt0114157	tt0806901	24	2
tt0114297	tt0806904	1	2
tt0114302	tt0806901	24	11
tt0114326	tt0297626	12	5
tt0114353	tt0907694	1	7
tt0114392	tt0159876	23	7
tt0114407	tt0298685	5	1
tt0114414	tt1146333	\N	\N
tt0114416	tt12749392	3	2
tt0114417	tt12749392	3	1
tt0114418	tt12749392	3	3
tt0114450	tt0166458	9	3
tt0114498	tt0907694	1	6
tt0114530	tt0112178	1	1
tt0114532	tt0874686	1	2
tt0114547	tt0112180	1	0
tt0114561	tt0112183	1	2
tt0114566	tt0297626	12	3
tt0114627	tt0806910	1	319
tt0114628	tt0806910	1	318
tt0114629	tt0806910	1	304
tt0114630	tt0806910	1	308
tt0114631	tt0806910	1	302
tt0114632	tt0806910	1	320
tt0114633	tt0806910	1	322
tt0114634	tt0806910	1	307
tt0114635	tt0806910	1	301
tt0114685	tt2325388	1	4
tt0114735	tt0094416	7	6
tt0114777	tt0880565	1	1
tt0114804	tt0959258	1	11
tt0114871	tt0860267	1	3
tt0114903	tt0907694	1	4
tt0115068	tt0882736	2	1
tt0115093	tt1196259	2	1
tt0115441	tt10198576	1	15
tt0115492	tt0115089	1	0
tt0115534	tt0115122	1	1
tt0115566	tt10198576	1	14
tt0115634	tt0094416	8	7
tt0115659	tt0907694	1	12
tt0115739	tt0126179	1	13
tt0115767	tt0115117	1	1
tt0115777	tt0115122	1	4
tt0115778	tt0115122	1	5
tt0115779	tt0115122	1	2
tt0115780	tt0115122	1	3
tt0115821	tt0115126	1	1
tt0115829	tt0224935	1	4
tt0115840	tt0166458	9	8
tt0115873	tt3805856	\N	\N
tt0115922	tt0168596	1	0
tt0115982	tt0297626	14	1
tt0116009	tt0147760	1	1
tt0116010	tt0147760	1	2
tt0116011	tt0147760	1	3
tt0116021	tt0364151	11	2
tt0116034	tt0842384	\N	\N
tt0116056	tt0297626	14	2
tt0116061	tt2979006	1	6
tt0116161	tt0115161	1	1
tt0116171	tt0202179	24	4
tt0116204	tt3797766	\N	\N
tt0116237	tt1126207	\N	\N
tt0116244	tt0117248	1	4
tt0116326	tt0115174	1	1
tt0116327	tt0115175	1	0
tt0116428	tt3428884	1	6
tt0116429	tt3428884	1	5
tt0116472	tt2329424	1	9
tt0116473	tt2329424	1	8
tt0116474	tt2329424	1	7
tt0116498	tt0907694	1	11
tt0116507	tt0166458	9	1
tt0116591	tt0978908	1	1
tt0116688	tt0159876	25	13
tt0116856	tt0364151	11	1
tt0116870	tt0907694	1	10
tt0116907	tt0159876	\N	\N
tt0117044	tt0094416	10	8
tt0117133	tt0106078	3	11
tt0117134	tt0106078	3	10
tt0117197	tt3805856	\N	\N
tt0117355	tt0806901	25	1
tt0117474	tt0889258	6	2
tt0117512	tt0806904	1	5
tt0117513	tt0806904	1	4
tt0117514	tt0806904	1	3
tt0117563	tt0115347	1	0
tt0117564	tt0907694	1	9
tt0117584	tt0166458	9	6
tt0117588	tt3805856	\N	\N
tt0117598	tt0115351	1	1
tt0117620	tt12749392	4	3
tt0117621	tt12749392	4	1
tt0117622	tt12749392	4	2
tt0117641	tt0133302	14	8
tt0117654	tt0115355	1	3
tt0117712	tt0874684	1	1
tt0117713	tt0978908	1	3
tt0117759	tt0112183	1	4
tt0117790	tt3793732	\N	\N
tt0117836	tt0092322	8	87
tt0117837	tt0806910	1	337
tt0117838	tt0806910	1	329
tt0117839	tt0806910	1	342
tt0117840	tt0806910	1	321
tt0117841	tt0806910	1	344
tt0117842	tt0806910	1	330
tt0117843	tt0806910	1	347
tt0117844	tt0806910	1	323
tt0117845	tt0806910	1	343
tt0117847	tt0806910	1	331
tt0117848	tt0806910	1	336
tt0117849	tt0806910	1	325
tt0117850	tt0806910	1	324
tt0117851	tt0806910	1	333
tt0117852	tt0806910	1	346
tt0117853	tt0806910	1	334
tt0117854	tt0806910	1	338
tt0117855	tt0806910	1	345
tt0117856	tt0806910	1	348
tt0117857	tt0806910	1	349
tt0117858	tt0806910	1	341
tt0117859	tt0806910	1	340
tt0117860	tt0806910	1	326
tt0117861	tt0806910	1	328
tt0117862	tt0806910	1	335
tt0117863	tt0806910	1	363
tt0117864	tt0806910	1	327
tt0117974	tt0463399	1	3
tt0117980	tt0297625	8	2
tt0118012	tt1146333	\N	\N
tt0118203	tt10198576	1	16
tt0118224	tt0882736	3	2
tt0118225	tt0882736	3	1
tt0118226	tt0882736	3	3
tt0118339	tt6677224	1	3
tt0118357	tt0118358	7	1
tt0118498	tt1511543	1	1
tt0118618	tt0132666	1	8
tt0118628	tt0889258	7	2
tt0118629	tt0889258	7	1
tt0118693	tt0907683	1	1
tt0118695	tt0821060	1	3
tt0118775	tt0166458	10	2
tt0118791	tt0115122	1	8
tt0118792	tt0115122	1	7
tt0118793	tt0115122	1	12
tt0118794	tt0115122	1	11
tt0118795	tt0115122	1	6
tt0118796	tt0115122	1	9
tt0118797	tt0115122	1	10
tt0118830	tt1287866	\N	\N
tt0118874	tt1466074	13	2
tt0118918	tt0147760	2	2
tt0118919	tt0147760	2	3
tt0118920	tt0147760	2	4
tt0118921	tt0147760	2	1
tt0118988	tt3805856	\N	\N
tt0119043	tt0115243	1	3
tt0119213	tt0132666	40	22
tt0119320	tt0297625	9	2
tt0119384	tt0907694	1	14
tt0119394	tt0364151	11	4
tt0119410	tt2161761	\N	\N
tt0119443	tt0940632	1	5
tt0119444	tt0940632	1	2
tt0119445	tt0940632	1	1
tt0119446	tt0940632	1	3
tt0119447	tt0940632	1	4
tt0119487	tt0118378	1	0
tt0119507	tt2161761	1	2
tt0119540	tt0177451	1	2
tt0119541	tt0177451	1	4
tt0119571	tt0132666	1	11
tt0119612	tt0118393	1	1
tt0119638	tt0169474	1	1
tt0119641	tt0202179	25	2
tt0119681	tt0181932	1	1
tt0119701	tt0118404	1	1
tt0119747	tt3805856	\N	\N
tt0119748	tt2161761	1	4
tt0119798	tt0348811	1	20
tt0119813	tt2161761	1	5
tt0119825	tt0132666	1	9
tt0119911	tt0806901	26	3
tt0119912	tt0806901	26	1
tt0119913	tt0806901	26	5
tt0119914	tt0806901	26	6
tt0119915	tt0806901	26	2
tt0119916	tt0806901	26	4
tt0120009	tt0143058	1	0
tt0120049	tt1169951	1	1
tt0120068	tt2161761	\N	\N
tt0120079	tt2161761	1	3
tt0120098	tt0111870	2	2
tt0120109	tt12749392	5	2
tt0120110	tt12749392	5	1
tt0120136	tt0126179	1	1
tt0120141	tt0133302	15	2
tt0120165	tt0118471	1	0
tt0120178	tt4296044	1	6
tt0120180	tt0874684	1	2
tt0120181	tt0874684	1	7
tt0120182	tt0874684	1	3
tt0120183	tt0874684	1	4
tt0120217	tt0297626	15	3
tt0120234	tt0907694	1	15
tt0120279	tt0806910	1	351
tt0120280	tt0806910	1	352
tt0120281	tt0806910	1	365
tt0120282	tt0806910	1	357
tt0120283	tt0806910	1	354
tt0120284	tt0806910	1	362
tt0120285	tt0806910	1	366
tt0120286	tt0806910	1	359
tt0120287	tt0806910	1	355
tt0120288	tt0847709	1	1
tt0120289	tt0806910	1	353
tt0120290	tt0806910	1	358
tt0120291	tt0806910	1	356
tt0120293	tt0806910	1	360
tt0120294	tt0806910	1	361
tt0120295	tt0806910	1	367
tt0120296	tt0806910	1	350
tt0120297	tt0806910	1	364
tt0120298	tt0806910	1	374
tt0120342	tt2161761	\N	\N
tt0120398	tt2161761	\N	\N
tt0120403	tt0111870	2	1
tt0120418	tt0169474	1	4
tt0120420	tt0959258	1	12
tt0120440	tt0118507	1	1
tt0120511	tt0176357	6	3
tt0120517	tt0907694	1	13
tt0120557	tt0882736	4	2
tt0120558	tt0882736	3	4
tt0120559	tt0882736	4	1
tt0120929	tt0071054	4	7
tt0121018	tt0052512	\N	\N
tt0121156	tt1686687	\N	\N
tt0121198	tt12753314	\N	\N
tt0121221	tt1711895	1	5
tt0121252	tt0050026	1	7
tt0121291	tt0046593	10	21
tt0121308	tt1287866	\N	\N
tt0121440	tt0806910	1	45
tt0121547	tt4778940	1	6
tt0121593	tt0121027	17	1
tt0121648	tt0806901	11	6
tt0121651	tt0165592	7	14
tt0121652	tt0176357	\N	\N
tt0121664	tt4250224	1	3
tt0121715	tt0167732	1	19
tt0121792	tt0806910	1	47
tt0121793	tt0806910	1	161
tt0121875	tt1287866	1	1
tt0121881	tt1686687	\N	\N
tt0122098	tt0199214	2	6
tt0122166	tt0047720	6	14
tt0122217	tt0806901	21	7
tt0122258	tt0051328	2	3
tt0122394	tt0907683	1	8
tt0122431	tt9141320	1	1
tt0122432	tt9141320	1	2
tt0122433	tt9141320	1	3
tt0122633	tt0297626	11	7
tt0122665	tt0806901	22	1
tt0122666	tt0806901	23	1
tt0122667	tt0806901	26	7
tt0122668	tt0806901	23	4
tt0122669	tt0806901	24	1
tt0122737	tt0040051	7	1
tt0122745	tt0806910	1	306
tt0122746	tt0806910	1	311
tt0122797	tt2286153	1	4
tt0123005	tt0202179	14	5
tt0123008	tt3662072	\N	\N
tt0123009	tt0297626	6	11
tt0123044	tt0056751	20	23
tt0123169	tt0199933	\N	\N
tt0123182	tt0106078	3	4
tt0123183	tt0106078	3	3
tt0123230	tt0364151	1	1
tt0123315	tt0860267	1	4
tt0123433	tt0096542	3	1
tt0123520	tt1196259	3	4
tt0123676	tt9141320	1	4
tt0123677	tt9141320	1	5
tt0123678	tt9141320	1	6
tt0123679	tt9141320	1	7
tt0123680	tt9141320	1	8
tt0123821	tt0907694	1	5
tt0123888	tt0202179	6	1
tt0124017	tt0106078	3	7
tt0124018	tt0106078	3	8
tt0124019	tt0106078	3	9
tt0124064	tt0806901	11	1
tt0124065	tt0806901	12	4
tt0124066	tt0806901	13	2
tt0124067	tt0806901	13	3
tt0124068	tt0806901	8	1
tt0124069	tt0806901	12	5
tt0124070	tt0806901	2	7
tt0124071	tt0806901	23	6
tt0124160	tt0806910	1	230
tt0124178	tt0149439	\N	\N
tt0124190	tt0959258	1	2
tt0124275	tt0075472	7	13
tt0124604	tt0353090	\N	\N
tt0124751	tt0164295	3	2
tt0124758	tt0297626	2	7
tt0124802	tt0106078	2	5
tt0124803	tt0106078	3	5
tt0124829	tt0297625	6	3
tt0124895	tt0806910	1	368
tt0124961	tt0159876	\N	\N
tt0125080	tt0125081	1	16
tt0125082	tt0125081	1	6
tt0125083	tt0125081	1	14
tt0125084	tt0125081	1	13
tt0125085	tt0125081	1	17
tt0125086	tt0125081	1	18
tt0125087	tt0125081	1	5
tt0125088	tt0125081	1	12
tt0125089	tt0125081	1	10
tt0125090	tt0125081	1	8
tt0125091	tt0125081	1	9
tt0125092	tt0125081	1	7
tt0125093	tt0125081	1	3
tt0125094	tt0125081	1	15
tt0125095	tt0125081	1	2
tt0125096	tt0125081	1	11
tt0125097	tt0125081	1	4
tt0125394	tt0166458	7	1
tt0125462	tt0806901	26	8
tt0125463	tt0806901	13	5
tt0125478	tt0989125	6	21
tt0125532	tt0989125	3	16
tt0125538	tt0806910	1	258
tt0125539	tt0806910	1	369
tt0125540	tt0806910	1	312
tt0125544	tt0989125	7	42
tt0125552	tt0275875	\N	\N
tt0125561	tt0989125	5	38
tt0125566	tt0989125	1	3
tt0125567	tt0989125	8	10
tt0125569	tt0297621	2	44
tt0125603	tt0199214	5	1
tt0125605	tt0094529	1	1
tt0125674	tt0098749	1	1
tt0125720	tt0164295	4	2
tt0125755	tt2388808	\N	\N
tt0125944	tt0815353	\N	\N
tt0126023	tt9074082	\N	\N
tt0126107	tt1781127	\N	\N
tt0126124	tt0907694	1	8
tt0126363	tt0102171	1	3
tt0126395	tt0313144	\N	\N
tt0126419	tt0259792	\N	\N
tt0126672	tt0120956	\N	\N
tt0126673	tt0874686	1	6
tt0126692	tt0806910	1	244
tt0126693	tt0806910	1	370
tt0126694	tt0806910	1	277
tt0126695	tt0806910	1	265
tt0126696	tt0806910	1	371
tt0126927	tt0115243	1	4
tt0126930	tt3428884	1	2
tt0126972	tt0815353	\N	\N
tt0126977	tt0075471	15	5
tt0126992	tt0297626	10	14
tt0127280	tt0094456	4	1
tt0127309	tt0313144	\N	\N
tt0127322	tt0132666	1	2
tt0127404	tt0098900	3	2
tt0127408	tt0842384	\N	\N
tt0127413	tt0098900	2	9
tt0127457	tt0821060	1	4
tt0127470	tt2297229	\N	\N
tt0127519	tt0297625	6	7
tt0127572	tt0463399	1	19
tt0127614	tt0159876	21	14
tt0127616	tt0098900	1	1
tt0127690	tt2162289	1	2
tt0127758	tt0098900	7	11
tt0127804	tt1226281	1	5
tt0127821	tt0098900	2	4
tt0127902	tt1213665	1	53
tt0127922	tt0806910	1	372
tt0127923	tt0806910	1	373
tt0127984	tt0313144	\N	\N
tt0128088	tt0046643	1	7
tt0128111	tt0111914	1	1
tt0128333	tt0090481	8	20
tt0128407	tt0046580	1	4
tt0128708	tt0806910	1	294
tt0128860	tt0907694	1	16
tt0128868	tt0129117	1	1
tt0128874	tt0133302	15	17
tt0128882	tt0129117	1	7
tt0128901	tt0129117	1	5
tt0128942	tt0313144	\N	\N
tt0128978	tt0297626	1	8
tt0129305	tt0165592	6	1
tt0129316	tt0139780	1	13
tt0129425	tt0806910	1	390
tt0129444	tt0273026	10	5
tt0129821	tt0815353	\N	\N
tt0129858	tt0199214	6	3
tt0129925	tt0108695	1	9
tt0130074	tt0218792	\N	\N
tt0130097	tt0273026	\N	\N
tt0130111	tt0090481	8	3
tt0130263	tt4296044	1	5
tt0130304	tt0806910	1	295
tt0130418	tt0072560	2	16
tt0130480	tt0127990	1	1
tt0130501	tt0363319	1	1
tt0130559	tt0167732	1	5
tt0130563	tt1466074	12	3
tt0130631	tt0267154	\N	\N
tt0130700	tt0783864	4	10
tt0130706	tt0199184	10	13
tt0131050	tt0806910	1	27
tt0131051	tt0806910	1	84
tt0131052	tt0806910	1	109
tt0131053	tt0806910	1	74
tt0131054	tt0806910	1	60
tt0131055	tt0806910	1	103
tt0131056	tt0806910	1	38
tt0131057	tt0806910	1	49
tt0131058	tt0806910	1	15
tt0131326	tt0113706	1	5
tt0131474	tt0147770	1	1
tt0131536	tt0159876	22	6
tt0131577	tt0847709	1	2
tt0131586	tt0815353	\N	\N
tt0131610	tt0806910	1	65
tt0131611	tt0806910	1	53
tt0131620	tt0132666	1	6
tt0132087	tt0985040	9	5
tt0132446	tt0169456	2	3
tt0132496	tt0847709	1	3
tt0132532	tt0874686	1	7
tt0132647	tt0112239	5	1
tt0133092	tt0090481	8	12
tt0133256	tt0364151	12	2
tt0133320	tt0098889	1	11
tt0133702	tt0069620	6	1
tt0133712	tt0820333	2	1
tt0133717	tt0108749	4	3
tt0133718	tt0108749	4	2
tt0133894	tt0131673	1	1
tt0133958	tt0090481	6	1
tt0134008	tt0186766	1	0
tt0134038	tt0806901	26	9
tt0134063	tt0806904	1	6
tt0134144	tt0806910	1	317
tt0134174	tt1041883	\N	\N
tt0134177	tt1041883	\N	\N
tt0134233	tt0112239	5	5
tt0134249	tt0318224	33	11
tt0134694	tt3805856	\N	\N
tt0134816	tt0297625	6	5
tt0134818	tt2162289	2	5
tt0134901	tt0806901	26	10
tt0134952	tt0165592	8	11
tt0134967	tt0112167	1	1
tt0134978	tt0312084	2	2
tt0135038	tt0860267	1	8
tt0135039	tt0860267	1	9
tt0135040	tt0860267	1	10
tt0135071	tt0907694	1	17
tt0135072	tt1213665	1	51
tt0135073	tt0112239	5	3
tt0136199	tt0132666	1	13
tt0136368	tt1784086	2	6
tt0136415	tt0297626	15	6
tt0136530	tt1245432	4	5
tt0136629	tt0112239	5	2
tt0136989	tt0842384	\N	\N
tt0137120	tt0106078	3	15
tt0137121	tt0106078	3	14
tt0137167	tt0806901	2	8
tt0137168	tt0806901	2	9
tt0137169	tt0806901	27	1
tt0137170	tt0806901	3	6
tt0137171	tt0806901	3	4
tt0137172	tt0806901	3	3
tt0137173	tt0806901	3	1
tt0137174	tt0806901	3	2
tt0137198	tt0806904	1	7
tt0137228	tt0806910	1	376
tt0137237	tt0115100	2	3
tt0137255	tt0896681	1	1
tt0137263	tt0860267	1	11
tt0137466	tt2324163	1	3
tt0137825	tt0083435	1	1
tt0138031	tt0806901	24	4
tt0138038	tt0132666	1	14
tt0138068	tt0132666	1	16
tt0138083	tt0202179	16	4
tt0138117	tt0165592	5	12
tt0138124	tt0806910	1	377
tt0138168	tt0958967	1	10
tt0138199	tt0259794	1	2
tt0138424	tt0094456	3	5
tt0138470	tt3428884	2	1
tt0138582	tt0364151	12	4
tt0138589	tt2013869	1	3
tt0138597	tt0096689	2	5
tt0138642	tt0115100	2	2
tt0138748	tt0072586	1	5
tt0138753	tt0072586	1	6
tt0138859	tt0806910	1	375
tt0138860	tt0806910	1	271
tt0138898	tt0072586	1	4
tt0138999	tt0173525	1	2
tt0139058	tt0907683	1	2
tt0139059	tt0907683	1	3
tt0139079	tt1049304	8	6
tt0139184	tt0297625	3	5
tt0139436	tt1043199	2	1
tt0139532	tt0806901	18	8
tt0139541	tt0262955	\N	\N
tt0139572	tt0096689	2	2
tt0139599	tt0842384	\N	\N
tt0139647	tt0115100	2	1
tt0139688	tt0842384	\N	\N
tt0139783	tt0144725	1	1
tt0139963	tt0985040	4	4
tt0140039	tt13031912	1	5
tt0140081	tt3428884	2	2
tt0140353	tt0047702	1	7
tt0140375	tt5884844	\N	\N
tt0140409	tt0106078	3	12
tt0140461	tt0806901	6	6
tt0140565	tt0096689	2	7
tt0140602	tt0806910	1	168
tt0140662	tt5884844	\N	\N
tt0140719	tt0112239	5	4
tt0140942	tt0297626	4	2
tt0141102	tt0297625	2	2
tt0141129	tt3428884	2	3
tt0141151	tt0096689	2	6
tt0141153	tt0174377	\N	\N
tt0141557	tt2286153	1	9
tt0141638	tt0106078	3	6
tt0141655	tt0297625	2	1
tt0141660	tt1213665	1	29
tt0141737	tt0806901	27	2
tt0141738	tt0806901	9	2
tt0141889	tt5621392	1	1
tt0141957	tt5638654	1	1
tt0142001	tt0212698	5	25
tt0142290	tt0224861	2	12
tt0142306	tt0132666	1	18
tt0142397	tt0094483	1	5
tt0142705	tt5884844	\N	\N
tt0142798	tt0096689	2	4
tt0142825	tt0046593	9	8
tt0143056	tt0094416	10	11
tt0143237	tt0094456	6	9
tt0143275	tt3428884	2	4
tt0143276	tt3428884	2	5
tt0143500	tt0297626	4	10
tt0143649	tt0806901	27	4
tt0143845	tt0166458	11	7
tt0143846	tt0166458	8	4
tt0143909	tt0112183	2	2
tt0143915	tt0096689	2	1
tt0143923	tt0806910	1	310
tt0143927	tt0297625	5	5
tt0143989	tt0094483	\N	\N
tt0144103	tt0806910	1	273
tt0144138	tt0815353	\N	\N
tt0144141	tt1466074	13	3
tt0144171	tt0056751	13	17
tt0144181	tt0166914	1	0
tt0144206	tt3805856	\N	\N
tt0144247	tt0094483	\N	\N
tt0144554	tt0806901	21	4
tt0144579	tt0096689	2	3
tt0144752	tt0169456	3	4
tt0144786	tt0907683	1	4
tt0144805	tt0115122	1	13
tt0144946	tt3428884	2	6
tt0144957	tt4296044	1	2
tt0145000	tt0364151	11	5
tt0145044	tt8737264	1	1
tt0145054	tt1049304	8	1
tt0145074	tt0144061	1	0
tt0145490	tt0874686	1	8
tt0145665	tt4296044	1	1
tt0145674	tt4296044	1	3
tt0145785	tt0364151	6	5
tt0145823	tt1276882	1	3
tt0145836	tt0094483	\N	\N
tt0145837	tt0094483	\N	\N
tt0145915	tt0132666	1	23
tt0146008	tt0806901	27	3
tt0146041	tt0907694	1	18
tt0146079	tt0169456	2	1
tt0146261	tt0094416	3	7
tt0146296	tt0057775	\N	\N
tt0146303	tt0806910	1	285
tt0146304	tt0806910	1	305
tt0146305	tt0806910	1	379
tt0146306	tt0806910	1	378
tt0146364	tt0882736	5	1
tt0146438	tt0889258	8	2
tt0146600	tt0159156	1	21
tt0146793	tt0068074	1	0
tt0146843	tt0126179	1	9
tt0146931	tt0094483	\N	\N
tt0147077	tt0106078	3	13
tt0147195	tt0169456	2	2
tt0147588	tt0806910	1	238
tt0147627	tt0298685	1	5
tt0147664	tt1213665	1	20
tt0147814	tt0989125	8	26
tt0147878	tt0907683	1	5
tt0147882	tt0989125	10	22
tt0147930	tt0174432	\N	\N
tt0147937	tt0115122	1	14
tt0148051	tt0914702	10	43
tt0148052	tt0914702	3	13
tt0148242	tt0441950	2	22
tt0148280	tt0161126	\N	\N
tt0148284	tt5278426	1	1
tt0148285	tt5278426	1	2
tt0148286	tt5278426	1	3
tt0148287	tt5278426	1	5
tt0148288	tt5278426	1	4
tt0148289	tt5278426	1	7
tt0148290	tt5278426	1	8
tt0148376	tt0298685	6	1
tt0148446	tt0159178	3	10
tt0148511	tt0161126	4	19
tt0148513	tt0914702	3	32
tt0148554	tt0283208	3	12
tt0149209	tt0040051	7	33
tt0149241	tt0806910	1	380
tt0149242	tt0806910	1	292
tt0149283	tt0914702	8	45
tt0149495	tt1049304	5	11
tt0149529	tt0920540	1	1
tt0149560	tt0058853	1	23
tt0149587	tt4538720	1	15
tt0149597	tt0297621	3	27
tt0149672	tt0169456	3	3
tt0149689	tt0889258	8	1
tt0149867	tt0058853	1	139
tt0150175	tt0058853	1	44
tt0150262	tt0147760	3	2
tt0150263	tt0147760	3	1
tt0150466	tt0058853	1	39
tt0150567	tt0202179	13	6
tt0150743	tt4538720	1	14
tt0150747	tt0058853	1	118
tt0150922	tt5278426	1	10
tt0150923	tt5278426	1	9
tt0151045	tt0058853	1	85
tt0151216	tt4538720	1	3
tt0151498	tt0046593	4	12
tt0151509	tt0090481	6	12
tt0151593	tt4538720	1	1
tt0151683	tt0132666	1	20
tt0151703	tt0106078	2	6
tt0151857	tt0046593	3	14
tt0151860	tt1601983	4	5
tt0152042	tt0075471	1	7
tt0152057	tt0297626	13	4
tt0152085	tt0169456	3	1
tt0152129	tt0075562	1	1
tt0152131	tt0202179	6	5
tt0152141	tt0165592	1	21
tt0152210	tt4538720	1	13
tt0152265	tt0132666	1	24
tt0152304	tt0846838	1	16
tt0152921	tt0806910	1	382
tt0152922	tt0806910	1	383
tt0152992	tt9034532	1	4
tt0153119	tt0190181	4	9
tt0153219	tt0132666	1	25
tt0153310	tt4538720	1	2
tt0153893	tt0106178	6	1
tt0154038	tt0176357	9	3
tt0154416	tt0164285	1	3
tt0154632	tt0165593	9	6
tt0154792	tt0958966	1	9
tt0155192	tt0139780	1	15
tt0155245	tt0806910	1	385
tt0155307	tt0062689	1	2
tt0155355	tt0062689	1	1
tt0155387	tt0164305	\N	\N
tt0155535	tt0907683	1	6
tt0155536	tt0907683	1	7
tt0155564	tt0070977	1	6
tt0155665	tt0176357	8	9
tt0155683	tt0144044	1	0
tt0155742	tt0112239	3	5
tt0155781	tt0159876	\N	\N
tt0156055	tt0846838	1	17
tt0156063	tt0167720	1	1
tt0156124	tt0806910	1	384
tt0156369	tt0159876	21	11
tt0156488	tt0108832	3	2
tt0156535	tt0428139	1	2
tt0156775	tt0090481	7	8
tt0156900	tt0806901	27	9
tt0157004	tt0846838	1	18
tt0157096	tt0806910	1	189
tt0157097	tt0806910	1	387
tt0157098	tt0806910	1	245
tt0157322	tt0202182	1	1
tt0157490	tt0200358	2	14
tt0157812	tt0880565	1	2
tt0157924	tt0046593	12	17
tt0157996	tt0132666	1	28
tt0158080	tt1213665	1	22
tt0158101	tt0806901	27	5
tt0158211	tt0190181	2	10
tt0158263	tt0806910	1	381
tt0158264	tt0806910	1	248
tt0158384	tt0158444	1	1
tt0158385	tt0882736	5	2
tt0158476	tt0842384	\N	\N
tt0158529	tt0115122	1	15
tt0158669	tt0046593	11	15
tt0158828	tt0132666	2	3
tt0158882	tt3805856	\N	\N
tt0158902	tt3805856	\N	\N
tt0158987	tt0874684	1	8
tt0159151	tt3805856	\N	\N
tt0159297	tt0270780	2	5
tt0159422	tt0985040	8	3
tt0159457	tt0270780	1	2
tt0159533	tt1213665	1	57
tt0159572	tt0270780	1	1
tt0159573	tt0167616	1	7
tt0159574	tt0167616	1	10
tt0159575	tt0167616	1	4
tt0159610	tt0270780	1	4
tt0159663	tt0806901	20	4
tt0159664	tt0806901	27	6
tt0159781	tt2293681	1	4
tt0159798	tt0159920	1	1
tt0160082	tt0115122	1	17
tt0160083	tt0115122	1	16
tt0160219	tt0463399	1	6
tt0160295	tt0338684	\N	\N
tt0160337	tt0843225	\N	\N
tt0160398	tt0486531	6	22
tt0160681	tt0806901	20	11
tt0160682	tt0806901	27	7
tt0160817	tt0166909	\N	\N
tt0160860	tt0212675	3	1
tt0160946	tt0094416	9	1
tt0160949	tt0088621	8	7
tt0160969	tt0806910	1	178
tt0161187	tt0166458	11	1
tt0161239	tt0166909	\N	\N
tt0161240	tt0096538	1	4
tt0161321	tt0111899	4	2
tt0161322	tt0111899	4	1
tt0161499	tt0096538	2	2
tt0161878	tt0463399	2	12
tt0161997	tt0159876	26	15
tt0162000	tt0806910	1	386
tt0162001	tt0806910	1	388
tt0162002	tt0806910	1	190
tt0162003	tt0806910	1	151
tt0162410	tt0159876	\N	\N
tt0162541	tt0806901	14	3
tt0162689	tt0806910	1	203
tt0162690	tt0806910	1	275
tt0162776	tt1601983	3	6
tt0162905	tt0092455	5	18
tt0162912	tt0138959	1	1
tt0162915	tt0101069	5	1
tt0163007	tt0346222	1	12
tt0163087	tt0190181	1	3
tt0163137	tt0092322	\N	\N
tt0163227	tt2388808	\N	\N
tt0163235	tt0167614	\N	\N
tt0163328	tt0806910	1	389
tt0163329	tt0806910	1	210
tt0163334	tt0053546	1	33
tt0163468	tt0267154	9	8
tt0163546	tt0165592	11	16
tt0163632	tt0165592	4	22
tt0163636	tt0165592	5	13
tt0163650	tt4296044	1	8
tt0163654	tt0165592	1	10
tt0163739	tt0090481	3	14
tt0163799	tt0165592	11	27
tt0163865	tt0806901	25	7
tt0163908	tt0298685	5	2
tt0164019	tt0103405	1	0
tt0164025	tt0166909	\N	\N
tt0164095	tt0090481	6	8
tt0164104	tt0046593	6	1
tt0164137	tt0806901	21	5
tt0164138	tt0806901	25	3
tt0164139	tt0806901	27	8
tt0164189	tt0806910	1	177
tt0164228	tt0985040	12	3
tt0164683	tt0132666	2	14
tt0164818	tt0806901	17	8
tt0164819	tt0806901	25	6
tt0164820	tt0806901	21	6
tt0164923	tt0806910	1	391
tt0164924	tt0806910	1	183
tt0165243	tt1601983	1	1
tt0165307	tt3797766	\N	\N
tt0165312	tt2329424	1	11
tt0165347	tt1213665	1	11
tt0165368	tt1686687	\N	\N
tt0165375	tt0088559	1	1
tt0165385	tt0090481	2	5
tt0165416	tt4106356	1	4
tt0165430	tt0806901	21	1
tt0165456	tt0132666	2	2
tt0165510	tt0806910	1	202
tt0165644	tt2172271	1	5
tt0165645	tt2172271	1	1
tt0165646	tt2172271	1	3
tt0165647	tt2172271	1	2
tt0165648	tt2172271	1	4
tt0165918	tt0806901	21	8
tt0165927	tt0206501	26	1
tt0165974	tt0806910	1	219
tt0165975	tt0806910	1	392
tt0166105	tt0101050	1	0
tt0166164	tt0166909	\N	\N
tt0166187	tt0898240	1	2
tt0166273	tt1213665	1	42
tt0166311	tt0806901	21	2
tt0166331	tt0080231	1	3
tt0166566	tt1615489	2	1
tt0166746	tt0261491	1	6
tt0166767	tt0806901	17	1
tt0166768	tt0806901	17	6
tt0166780	tt0126179	3	15
tt0166829	tt0046593	26	14
tt0166837	tt0806910	1	394
tt0166838	tt0806910	1	116
tt0166875	tt0820333	2	2
tt0166946	tt5126884	1	1
tt0166988	tt5102426	\N	\N
tt0166989	tt5102426	\N	\N
tt0167103	tt5126884	1	5
tt0167118	tt0762803	2	3
tt0167133	tt5126884	1	4
tt0167134	tt5126884	1	8
tt0167139	tt0149314	3	1
tt0167143	tt5126884	1	6
tt0167161	tt5153902	1	9
tt0167189	tt5153902	1	3
tt0167220	tt5153902	1	8
tt0167221	tt5126884	1	2
tt0167222	tt5126884	1	12
tt0167233	tt5153902	1	1
tt0167234	tt5153902	1	10
tt0167286	tt5153902	1	12
tt0167287	tt5153902	1	5
tt0167294	tt5126884	1	7
tt0167343	tt0806901	24	12
tt0167358	tt0166909	\N	\N
tt0167369	tt5153902	1	6
tt0167381	tt5126884	1	9
tt0167387	tt5126884	1	3
tt0167391	tt5153902	1	7
tt0167409	tt5126884	1	11
tt0167439	tt0806910	1	410
tt0167440	tt0806910	1	393
tt0167441	tt0806910	1	395
tt0167461	tt0149314	5	2
tt0167465	tt5153902	1	11
tt0167749	tt10637908	\N	\N
tt0167808	tt0115122	1	18
tt0167857	tt0426772	1	3
tt0167893	tt12729202	1	3
tt0167908	tt0927658	1	5
tt0167928	tt0176357	7	10
tt0168039	tt0062568	12	1
tt0168079	tt0167667	1	0
tt0168119	tt0108835	1	1
tt0168134	tt0806901	19	1
tt0168211	tt0806910	1	268
tt0168272	tt0112239	6	1
tt0168273	tt0112239	6	2
tt0168451	tt0224823	\N	\N
tt0168456	tt0108695	1	2
tt0168467	tt0108835	2	2
tt0168537	tt0058826	1	2
tt0168748	tt0133302	16	12
tt0168913	tt2739426	1	6
tt0168968	tt0058826	1	1
tt0169073	tt0096658	9	2
tt0169138	tt0806901	9	1
tt0169290	tt0166458	6	12
tt0169292	tt0806910	1	120
tt0169293	tt0806910	1	280
tt0169294	tt0806910	1	396
tt0169391	tt0062568	12	19
tt0169554	tt0159876	\N	\N
tt0169996	tt0170949	1	0
tt0170164	tt0177451	1	1
tt0170174	tt0914702	12	20
tt0170267	tt1686687	\N	\N
tt0170293	tt0096658	9	4
tt0170294	tt0096658	9	3
tt0170314	tt0086765	3	18
tt0170424	tt0806901	9	4
tt0170425	tt0806901	16	2
tt0170426	tt0806901	9	3
tt0170427	tt0806901	22	2
tt0170501	tt0092455	5	1
tt0170520	tt0907694	1	19
tt0170567	tt0126171	1	55
tt0170618	tt9015970	1	1
tt0170660	tt0806910	1	397
tt0170661	tt0806910	1	121
tt0170696	tt1686687	\N	\N
tt0170737	tt0108835	3	2
tt0170817	tt0106179	1	1
tt0171120	tt0096677	2	1
tt0171316	tt0202179	24	1
tt0171374	tt0112239	6	3
tt0171560	tt0096658	9	5
tt0171568	tt0175398	1	0
tt0171627	tt0985040	9	4
tt0171722	tt0846838	1	13
tt0171728	tt0132666	2	13
tt0171816	tt0806910	1	309
tt0171959	tt1781127	\N	\N
tt0172111	tt0953111	\N	\N
tt0172119	tt0147770	1	11
tt0172285	tt0108835	4	1
tt0172309	tt0953111	\N	\N
tt0172397	tt0098784	4	5
tt0172431	tt0126179	3	9
tt0172551	tt0953111	\N	\N
tt0172827	tt0117248	1	2
tt0172833	tt1397131	1	5
tt0172863	tt0096658	10	2
tt0172961	tt0364151	7	1
tt0173011	tt0806901	5	1
tt0173118	tt3805856	\N	\N
tt0173241	tt0240264	1	3
tt0173313	tt0806910	1	398
tt0173370	tt0058801	6	24
tt0173638	tt1229946	7	1
tt0173685	tt12665020	1	2
tt0173698	tt0118359	1	13
tt0173723	tt3793732	\N	\N
tt0173737	tt2134468	\N	\N
tt0173809	tt1213665	1	15
tt0173810	tt0118359	1	11
tt0173923	tt12665020	1	3
tt0173944	tt0270780	1	5
tt0173985	tt0177451	1	3
tt0174014	tt3805856	\N	\N
tt0174096	tt0809370	1	1
tt0174121	tt0103492	1	1
tt0174127	tt0806901	19	8
tt0174128	tt0806901	27	10
tt0174182	tt12665020	1	1
tt0174232	tt0874684	1	5
tt0174444	tt0989125	5	50
tt0174501	tt0069602	9	14
tt0174573	tt0147760	3	3
tt0174654	tt1686687	\N	\N
tt0174681	tt0069602	7	7
tt0174735	tt0112239	4	5
tt0174771	tt0275822	\N	\N
tt0174934	tt0170974	\N	\N
tt0175051	tt0806901	9	6
tt0175052	tt0806901	4	4
tt0175229	tt0847709	1	4
tt0175253	tt0096708	3	3
tt0175277	tt0069602	9	0
tt0175438	tt0044266	1	1
tt0175439	tt0166423	2	3
tt0175455	tt1686687	\N	\N
tt0175511	tt0190181	2	9
tt0175922	tt0783864	2	5
tt0175938	tt0169505	1	4
tt0175960	tt0914702	5	42
tt0175971	tt2591584	\N	\N
tt0176007	tt7599836	\N	\N
tt0176144	tt1724507	1	15
tt0176169	tt0874684	1	6
tt0176178	tt0874686	1	13
tt0176179	tt0874686	1	9
tt0176180	tt0874686	1	12
tt0176181	tt0874686	1	10
tt0176221	tt0806910	1	399
tt0176298	tt0275822	\N	\N
tt0176353	tt0112239	6	5
tt0176371	tt0159876	26	2
tt0176892	tt0132666	2	6
tt0176955	tt4354800	\N	\N
tt0177079	tt0046637	2	2
tt0177174	tt0166458	11	4
tt0177180	tt0907694	1	21
tt0177284	tt0806910	1	400
tt0177285	tt0806910	1	136
tt0177457	tt0077031	1	2
tt0177535	tt0821060	1	5
tt0177842	tt0096697	7	6
tt0177983	tt0806901	10	6
tt0177984	tt0806901	24	10
tt0177986	tt0133302	17	10
tt0178014	tt0847709	1	5
tt0178105	tt0297626	3	3
tt0178280	tt0177435	1	2
tt0178283	tt0115122	1	19
tt0178318	tt0190181	6	2
tt0178361	tt0159876	2	10
tt0178364	tt0176357	4	15
tt0178659	tt1686687	\N	\N
tt0178836	tt0806901	11	3
tt0178837	tt0806901	23	8
tt0178926	tt0806910	1	401
tt0179002	tt0112239	6	4
tt0179132	tt0202740	\N	\N
tt0179212	tt6677224	1	4
tt0179213	tt6677224	1	5
tt0179214	tt6677224	1	7
tt0179215	tt6677224	1	8
tt0179216	tt6677224	1	2
tt0179217	tt6677224	1	6
tt0179246	tt0202179	4	1
tt0179421	tt0806901	12	2
tt0179422	tt0806901	27	11
tt0179482	tt0806910	1	315
tt0179483	tt0806910	1	141
tt0179506	tt0860267	1	12
tt0179510	tt0202206	\N	\N
tt0179547	tt0364151	5	4
tt0179551	tt0233023	1	14
tt0179565	tt0046593	7	7
tt0179702	tt0297625	2	5
tt0179722	tt0202179	14	2
tt0179751	tt0202179	17	1
tt0179755	tt0139780	1	7
tt0179867	tt0190181	4	3
tt0179946	tt0190181	3	3
tt0179951	tt0985040	10	3
tt0179995	tt0985040	12	2
tt0180012	tt0139780	1	6
tt0180057	tt0806901	14	1
tt0180058	tt0806901	19	6
tt0180065	tt0139780	1	3
tt0180123	tt0847709	1	6
tt0180124	tt0202179	9	2
tt0180251	tt8949216	1	2
tt0180256	tt0202179	18	3
tt0180292	tt0860267	1	13
tt0180431	tt4296044	1	4
tt0180566	tt0335704	6	3
tt0180621	tt0105977	3	8
tt0180696	tt2403092	1	3
tt0180697	tt5955168	1	6
tt0180710	tt0985040	5	4
tt0180726	tt0139780	1	4
tt0180758	tt0159876	\N	\N
tt0180769	tt8949216	1	3
tt0180880	tt2403092	1	2
tt0180967	tt0806904	1	8
tt0181015	tt2403092	1	1
tt0181046	tt0806910	1	145
tt0181203	tt0165592	11	13
tt0181211	tt0298665	13	7
tt0181233	tt0165592	11	17
tt0181243	tt0165592	13	5
tt0181245	tt0385464	1	5
tt0181571	tt0385464	1	9
tt0181577	tt0364151	14	1
tt0181593	tt5884844	\N	\N
tt0181662	tt8949216	1	4
tt0181669	tt0343230	1	10
tt0181703	tt0132666	2	10
tt0181726	tt0202179	23	4
tt0181792	tt0159876	27	7
tt0181794	tt0907694	1	20
tt0181846	tt0385464	1	2
tt0181849	tt0806910	1	7
tt0181911	tt0112239	3	4
tt0181981	tt0821065	10	1
tt0182050	tt0297626	7	10
tt0182225	tt0094525	6	2
tt0182241	tt1012950	3	2
tt0182325	tt8949216	1	6
tt0182327	tt0202179	13	4
tt0182332	tt0094525	6	3
tt0182337	tt0106078	3	17
tt0182339	tt8949216	1	5
tt0182352	tt0094525	4	3
tt0182361	tt0094525	2	1
tt0182370	tt0806901	13	4
tt0182442	tt0165592	7	12
tt0182453	tt0166936	1	1
tt0182485	tt0806910	1	402
tt0182486	tt0806910	1	127
tt0182487	tt0806910	1	94
tt0182500	tt1043408	2	8
tt0182511	tt8949216	1	1
tt0182530	tt0985040	1	2
tt0182557	tt0349631	1	4
tt0182658	tt1213665	1	64
tt0182720	tt0297621	4	12
tt0182919	tt1466074	13	4
tt0182927	tt6954824	\N	\N
tt0183094	tt0133302	16	4
tt0183139	tt0279535	1	1
tt0183310	tt0088622	1	7
tt0183322	tt0202179	16	1
tt0183694	tt4778940	1	11
tt0183695	tt4778940	1	7
tt0183729	tt0182630	1	0
tt0183755	tt0178131	1	1
tt0183827	tt0270780	2	1
tt0183867	tt0806910	1	403
tt0183868	tt0806910	1	213
tt0184069	tt0184068	1	2
tt0184070	tt0184068	1	3
tt0184199	tt1380834	2	6
tt0184415	tt0108749	5	3
tt0184493	tt0298665	13	11
tt0184559	tt1049304	4	10
tt0184604	tt0050013	3	3
tt0184608	tt0165326	\N	\N
tt0184825	tt0806901	13	6
tt0184867	tt0806904	1	9
tt0184868	tt0907694	1	22
tt0184877	tt0364151	5	7
tt0184880	tt0346222	1	6
tt0184931	tt0806910	1	218
tt0184932	tt0806910	1	405
tt0184934	tt0806910	1	404
tt0185002	tt0331805	1	2
tt0185036	tt6506844	\N	\N
tt0185053	tt0165592	11	2
tt0185156	tt0202206	\N	\N
tt0185222	tt0364151	4	5
tt0185420	tt0108717	1	3
tt0185458	tt12240810	\N	\N
tt0185476	tt1856236	1	1
tt0185503	tt0078657	7	0
tt0185611	tt0806901	14	5
tt0185720	tt0346222	2	17
tt0185743	tt0896681	1	2
tt0186177	tt0113706	2	2
tt0186188	tt1213665	1	65
tt0186384	tt0298665	2	16
tt0186455	tt0806901	14	2
tt0186456	tt0806901	19	9
tt0186458	tt1414347	1	3
tt0186466	tt0958967	1	1
tt0186607	tt0806910	1	316
tt0186640	tt0265408	1	1
tt0186733	tt0094519	\N	\N
tt0186905	tt0297626	14	7
tt0186971	tt0108749	5	2
tt0187014	tt1686687	\N	\N
tt0187208	tt0054510	1	23
tt0187215	tt0159885	1	47
tt0187306	tt0426772	1	1
tt0187410	tt0806901	14	6
tt0187668	tt0202179	20	2
tt0187769	tt0045395	7	28
tt0187795	tt0056742	2	15
tt0187800	tt1686687	\N	\N
tt0187824	tt0159876	\N	\N
tt0187844	tt0187636	1	1
tt0188091	tt0133302	15	13
tt0188127	tt7252940	\N	\N
tt0188151	tt0806901	15	1
tt0188179	tt0045395	5	10
tt0188183	tt0907694	1	23
tt0188187	tt1169951	1	2
tt0188227	tt0806910	1	406
tt0188228	tt0806910	1	313
tt0188238	tt0441950	9	2
tt0188304	tt0046593	24	17
tt0188414	tt0118259	3	0
tt0188591	tt3805856	\N	\N
tt0188705	tt0188338	1	1
tt0189017	tt0806901	14	7
tt0189018	tt0806901	28	1
tt0189037	tt3805856	\N	\N
tt0189451	tt0297626	10	16
tt0189562	tt0159876	7	6
tt0189571	tt0842384	\N	\N
tt0189572	tt0842384	\N	\N
tt0189661	tt0159876	\N	\N
tt0189877	tt0202179	13	2
tt0189934	tt0806901	20	7
tt0189935	tt0806901	15	2
tt0189936	tt0806901	28	2
tt0190028	tt4220008	1	3
tt0190063	tt0078607	4	8
tt0190126	tt0985040	3	1
tt0190166	tt0882736	6	1
tt0190236	tt0063874	3	11
tt0190277	tt0139780	1	9
tt0190283	tt0115122	1	20
tt0190327	tt0094999	1	2
tt0190371	tt0132666	2	22
tt0190395	tt1729107	1	3
tt0190532	tt0199214	2	5
tt0190613	tt1213665	1	45
tt0190614	tt0364151	13	3
tt0190644	tt0806901	11	4
tt0190645	tt0806901	19	3
tt0190724	tt0806904	1	10
tt0190813	tt0806910	1	216
tt0190814	tt0806910	1	407
tt0190815	tt1446518	\N	\N
tt0190836	tt0108829	5	9
tt0190864	tt0896681	1	3
tt0191018	tt0115122	1	21
tt0191102	tt0092345	1	0
tt0191365	tt0806901	11	5
tt0191366	tt0806901	28	3
tt0191367	tt0806901	12	1
tt0191420	tt6977714	1	1
tt0191475	tt0112239	4	6
tt0191519	tt0046593	33	18
tt0191547	tt0806910	1	220
tt0191759	tt0297621	5	18
tt0191775	tt1196259	1	4
tt0191776	tt1196259	1	2
tt0191814	tt0094416	7	5
tt0191860	tt0176357	3	6
tt0191918	tt0914702	6	41
tt0191938	tt0914702	8	20
tt0191949	tt0165593	1	9
tt0192043	tt0298665	12	1
tt0192167	tt10198576	1	2
tt0192265	tt0176357	8	5
tt0192297	tt0927664	1	6
tt0192315	tt0268889	1	1
tt0192341	tt0985040	6	4
tt0192385	tt0426772	1	4
tt0192560	tt0224823	\N	\N
tt0192577	tt0846838	1	10
tt0192593	tt0176357	1	1
tt0192647	tt0176357	10	7
tt0192664	tt3805856	\N	\N
tt0192668	tt0806910	1	408
tt0192694	tt0207932	1	35
tt0192758	tt0989125	6	3
tt0193152	tt0762803	7	2
tt0193172	tt0762803	7	9
tt0193241	tt0417333	1	2
tt0193272	tt6532184	1	2
tt0193273	tt6532184	1	3
tt0193274	tt6532184	1	1
tt0193347	tt0106078	3	18
tt0193424	tt0806901	11	7
tt0193425	tt0806901	20	5
tt0193500	tt6532184	2	1
tt0193501	tt6532184	2	2
tt0193681	tt0196287	2	35
tt0193722	tt0889258	9	1
tt0194032	tt0985040	11	2
tt0194267	tt0806901	11	8
tt0194274	tt0096552	\N	\N
tt0194415	tt0202179	3	1
tt0194432	tt0806910	1	409
tt0194572	tt0159876	13	4
tt0194655	tt7599836	\N	\N
tt0194656	tt0985040	7	4
tt0194780	tt0985040	13	3
tt0194788	tt0202179	10	6
tt0194877	tt1213665	1	6
tt0194956	tt0046593	8	5
tt0195149	tt0806901	25	5
tt0195150	tt0806901	28	4
tt0195285	tt1686687	\N	\N
tt0195305	tt9015970	1	2
tt0195309	tt0874686	1	11
tt0195388	tt1781127	\N	\N
tt0195406	tt0202179	8	7
tt0195518	tt0094416	6	6
tt0195522	tt0202179	12	4
tt0195572	tt0985040	8	4
tt0195653	tt0077082	15	13
tt0195761	tt0132666	3	2
tt0195845	tt1686687	\N	\N
tt0195900	tt0100099	1	6
tt0196001	tt0806901	25	2
tt0196142	tt0806910	1	42
tt0196210	tt0307887	\N	\N
tt0196340	tt0889258	9	2
tt0196413	tt0364151	10	4
tt0196417	tt0081948	1	1
tt0196658	tt1780701	\N	\N
tt0196697	tt0297626	11	2
tt0196767	tt0075471	10	4
tt0196895	tt0075471	12	1
tt0196959	tt1213665	1	31
tt0197029	tt0820333	1	4
tt0197048	tt0202179	25	1
tt0197209	tt0297625	1	3
tt0197215	tt0046593	11	16
tt0197367	tt0300745	1	5
tt0197510	tt0312084	1	7
tt0197655	tt0132666	3	10
tt0197781	tt0199214	3	2
tt0197937	tt0920540	1	2
tt0197942	tt0806910	1	411
tt0197987	tt1608487	2	1
tt0198034	tt0348892	1	2
tt0198432	tt0076987	1	8
tt0198528	tt1213665	1	18
tt0198530	tt1781127	\N	\N
tt0198877	tt0076987	1	13
tt0198916	tt0806901	18	1
tt0199069	tt0806910	1	412
tt0199172	tt0882736	6	2
tt0199304	tt0298685	5	6
tt0199382	tt0046593	10	15
tt0199398	tt0920489	2	2
tt0199426	tt1780701	\N	\N
tt0199536	tt0920489	2	1
tt0199589	tt0842384	\N	\N
tt0199624	tt0324902	\N	\N
tt0199635	tt0896232	\N	\N
tt0199648	tt1403933	1	3
tt0199698	tt0920489	1	1
tt0199699	tt0166458	11	8
tt0199708	tt0364151	13	1
tt0199768	tt0202740	\N	\N
tt0199914	tt0094416	8	4
tt0199939	tt0046637	1	7
tt0199954	tt0806901	16	7
tt0199955	tt0806901	3	7
tt0199973	tt0115322	2	17
tt0200038	tt0200037	2	5
tt0200063	tt0806904	1	11
tt0200264	tt0920489	1	2
tt0200313	tt1213665	1	32
tt0200327	tt0324861	1	20
tt0200352	tt0094416	11	10
tt0200412	tt0076987	3	1
tt0200503	tt0199184	23	4
tt0200535	tt3805856	\N	\N
tt0200656	tt0132666	3	12
tt0200777	tt0383798	\N	\N
tt0200778	tt0383798	\N	\N
tt0200779	tt0383798	\N	\N
tt0200809	tt0132666	3	8
tt0201231	tt0806910	1	413
tt0201232	tt0806910	1	414
tt0201234	tt0202179	17	3
tt0201248	tt0338665	\N	\N
tt0201281	tt1608487	1	5
tt0201426	tt0159876	\N	\N
tt0201603	tt0094456	4	7
tt0201604	tt0094456	4	8
tt0201622	tt0094416	11	9
tt0201851	tt0806901	19	2
tt0201854	tt0159876	26	8
tt0201928	tt0159876	18	4
tt0201968	tt0806910	1	242
tt0202021	tt0969783	1	6
tt0202126	tt1012950	2	1
tt0202286	tt0188323	1	4
tt0202356	tt1049986	4	6
tt0202488	tt0297626	8	6
tt0202530	tt0806901	4	8
tt0202550	tt1780701	\N	\N
tt0202596	tt0176357	4	9
tt0202626	tt4220008	1	5
tt0202654	tt0250905	\N	\N
tt0202808	tt0045449	4	2
tt0202821	tt0115243	2	18
tt0202905	tt3797766	\N	\N
tt0203058	tt0806901	15	3
tt0203140	tt0049992	2	14
tt0203241	tt0112239	7	1
tt0203435	tt0147760	4	1
tt0203697	tt0046593	7	6
tt0203864	tt0497066	\N	\N
tt0203976	tt0806910	1	421
tt0204077	tt0112239	7	2
tt0204277	tt0497066	\N	\N
tt0204282	tt0047745	3	20
tt0204286	tt0450527	\N	\N
tt0204316	tt0202179	17	2
tt0204329	tt0166458	10	7
tt0204337	tt3805856	\N	\N
tt0204374	tt1012950	5	2
tt0204491	tt0164295	1	6
tt0204557	tt0806901	6	7
tt0204558	tt0806901	16	5
tt0204633	tt0174431	2	5
tt0204672	tt0806910	1	415
tt0204673	tt0806910	1	417
tt0204791	tt0159876	\N	\N
tt0204802	tt0159876	\N	\N
tt0204892	tt0159876	\N	\N
tt0204917	tt0176357	4	12
tt0204937	tt0768816	\N	\N
tt0204987	tt0147760	4	2
tt0204988	tt0147760	4	3
tt0204990	tt0122339	5	10
tt0205243	tt1458516	\N	\N
tt0205260	tt0078657	8	11
tt0205323	tt0806901	16	3
tt0205432	tt0216507	1	2
tt0205447	tt0806910	1	416
tt0205455	tt0338665	\N	\N
tt0205456	tt0338665	\N	\N
tt0205468	tt0273026	17	3
tt0205483	tt0159876	27	16
tt0205504	tt0860267	1	5
tt0205753	tt2286153	1	3
tt0205767	tt0121949	\N	\N
tt0205784	tt0050013	1	5
tt0205788	tt0159876	\N	\N
tt0205789	tt0050013	2	8
tt0205794	tt0446859	1	3
tt0205808	tt0439384	4	24
tt0205812	tt0446859	1	12
tt0205814	tt0046593	8	4
tt0205853	tt0147760	4	4
tt0205934	tt0046593	8	10
tt0205982	tt0472249	2	2
tt0205996	tt2329424	1	12
tt0206042	tt0457259	\N	\N
tt0206043	tt0472249	1	1
tt0206073	tt0096732	1	1
tt0206157	tt0044284	1	2
tt0206213	tt0806901	19	4
tt0206214	tt0806901	16	6
tt0206215	tt0806901	28	5
tt0206318	tt0159876	27	5
tt0206332	tt0806910	1	314
tt0206404	tt0202179	15	2
tt0206455	tt0297626	10	9
tt0206463	tt0112239	7	3
tt0206590	tt0075471	3	1
tt0206601	tt1415092	3	6
tt0206651	tt0159876	19	2
